id,text,date,likes,detected_language,tweet,PRODUCT,PLACE,PRICE,PUBLICITY,POSTCONSUMPTION,PURPOSE,PARTNERSHIPS,PEOPLE,PLANET
1902948287058973003,"PEANUTS + STARBUCKS

ì´ë ‡ê²Œ ê·€ì—¬ìš´ ë§ˆì¹´ë¡±ì´ë¼ë‹ˆ!
#ìŠ¤ëˆ„í”¼ë§ˆì¹´ë¡± #ì°°ë¦¬ë¸Œë¼ìš´ë§ˆì¹´ë¡±

ì… ì•ˆ ê°€ë“ ëŠê»´ì§€ëŠ” ì§„í•œ ì´ˆì½œë¦¿ ê°€ë‚˜ìŠˆ, ë¶€ë“œëŸ¬ìš´ ë°”ë‹ë¼ í¬ë¦¼ê¹Œì§€!

3ì›” 27ì¼ë¶€í„° ê°€ê¹Œìš´ ìŠ¤íƒ€ë²…ìŠ¤ ë§¤ì¥ì—ì„œ ë§Œë‚˜ë³´ì„¸ìš”. 

#3ì›”27ì¼ë¶€í„° #ìŠ¤íƒ€ë²…ìŠ¤ìŠ¤ëˆ„í”¼
#Starbucks #StarbucksKorea #ìŠ¤íƒ€ë²…ìŠ¤ https://t.co/jd7PHM5ePr",Fri Mar 21 05:00:01 +0000 2025,8,ko,"Peanuts + Starbucks

This cute macaroon!
#Snoopy Macaroon #Charlie Brown Macaroon

Dark chocolate Kanashu and soft vanilla cream!

From March 27th, meet at the nearest Starbucks store. 

#Star Buckssupi from March 27th
#Starbucks #starbuckskorea",1,1,0,1,0,0,0,0,0
1899431047382659156,"Conversamos con una trabajadora de Starbucks en huelga, quien nos explica las razones de la movilizaciÃ³n y las condiciones laborales que enfrentan.

#Huelga #Starbucks #DerechosLaborales #Trabajadores #MovilizaciÃ³n https://t.co/QDaMgJjTNA",Tue Mar 11 12:03:46 +0000 2025,17,es,"We talked with a Starbucks worker on strike, who explains the reasons for the mobilization and the working conditions they face.

#Huelga #Starbucks #Derechroles #Trabajadores #Mobilization https://t.co/qdamgjjtna",1,1,0,1,0,0,0,1,0
1902133288707485945,"Soylatteğ– šá

#starbucks 
#photo https://t.co/2rlDvmOKRy",Tue Mar 18 23:01:30 +0000 2025,4,en,"Soylatteğ– šá

#starbucks 
#photo https://t.co/2rlDvmOKRy",1,0,0,0,0,0,0,0,0
1901929250351145424,"ãƒªãƒ”å¤šã‚ã ã£ãŸãƒ”ã‚¶ãƒˆãƒ¼ã‚¹ãƒˆğŸ•ç¾å‘³ã—ã‹ã£ãŸãªãğŸ¤¤
#starbucks https://t.co/ykwoIaWUgU",Tue Mar 18 09:30:44 +0000 2025,16,ja,"Pizza toast was full of repliesğŸ•It was deliciousğŸ¤¤
#starbucks https://t.co/ykwoIaWUgU",1,1,0,0,1,0,0,0,0
1899628351528288580,"ä»Šæ—¥ç™ºå£²ã®
æ˜¥ç©ºãƒŸãƒ«ã‚¯ã‚³ãƒ¼ãƒ’ãƒ¼ãƒ•ãƒ©ãƒšãƒãƒ¼ãƒâ€¦
ä¸­ã®ã‚¹ãƒˆãƒ­ãƒ™ãƒªãƒ¼ãƒœãƒ¼ãƒ«ã‚’
ã‚¹ãƒˆãƒ­ãƒ¼ã§å‰²ã£ã¦å‘³å¤‰ã™ã‚‹ã‚‰ã—ã„ã‚“ãŸã‘ã©â€¦ã“ã‚Œâ€¦
ç´™ã®ã‚¹ãƒˆãƒ­ãƒ¼ã˜ã‚ƒå‰²ã‚Œãªã„ã£ã¦ğŸ’¦
ã‹ãªã‚Šå›ºã„ã‚ˆâ€¦ğŸ˜…
ãã—ã¦é£²ã‚“ã ã‚ã¨ã«æ®‹ã£ãŸã€
ã‚¹ãƒˆãƒ­ãƒ™ãƒªãƒ¼ãƒœãƒ¼ãƒ«â€¦ğŸ¤”
 #Starbucks  #ã‚¹ã‚¿ãƒ¼ãƒãƒƒã‚¯ã‚¹ 
 #æ˜¥ç©ºãƒŸãƒ«ã‚¯ã‚³ãƒ¼ãƒ’ãƒ¼ãƒ•ãƒ©ãƒšãƒãƒ¼ãƒ https://t.co/J3pKWZQc2C",Wed Mar 12 01:07:47 +0000 2025,124,ja,"Released today
Spring Sky Milk Coffee Frappuccino...
Strawberry ball inside
Apparently it can be split with a straw and change the taste... but... this...
Paper straws won't break
It's pretty hard...ğŸ˜…
And after drinking it, it was left behind
Strawberry ball...ğŸ¤”
 #Starbucks #Starbucks
 #Spring Sky Milk Coffee Frappuccino https://t.co/J3pKWZQc2C",1,0,0,1,0,0,0,0,0
1900403020279795966,"ğŸ‡¯ğŸ‡µ à¸£à¸±à¸šà¸«à¸´à¹‰à¸§à¹à¸à¹‰à¸§à¸ªà¸•à¸²à¸£à¹Œà¸šà¸±à¸„ à¹€à¸›à¸¥à¸µà¹ˆà¸¢à¸™à¸ªà¸µà¸•à¸²à¸¡à¸­à¸¸à¸“à¸«à¸ à¸¹à¸¡à¸´ 

âœ… à¹ƒà¸šà¸¥à¸° : 350à¸¿ 

ğŸš› à¸„à¹ˆà¸²à¸ªà¹ˆà¸‡ : 40à¸¿ 

à¸ªà¸™à¹ƒà¸ˆ DM à¹„à¸”à¹‰à¸„à¹ˆà¸² 

ğŸ’˜ à¸™à¹‰à¸­à¸‡à¹€à¸›à¸¥à¸µà¹ˆà¸¢à¸™à¸ªà¸µà¸¢à¸±à¸™à¸«à¸¥à¸­à¸”à¹€à¸¥à¸¢à¸™à¹‰à¸² ~ 

ğŸ›ï¸ à¸à¸¥à¸¸à¹ˆà¸¡ &gt;
https://t.co/DXDLV0M4ZX

#à¸«à¸´à¹‰à¸§à¸ªà¸•à¸²à¸£à¹Œà¸šà¸±à¸„ #starbucks https://t.co/ZDVtQIwURo",Fri Mar 14 04:26:02 +0000 2025,2,th,"ğŸ‡¯ğŸ‡µ Get a Starbucks glass Change color according to the temperature 

âœ… per card: 350 à¸¿ 

ğŸš› Shipping cost: 40 à¸¿ 

Interested in DM 

ğŸ’˜ Nong changed the tube ~ 

ğŸ›ï¸ Group & GT;
https://t.co/dxdlv0m4zx

#Starbucks #starbucks https://t.co/zdvtqiwuro",1,1,1,0,0,0,0,0,0
1901085791620907162,"My first time Frappuccino.
Relax time
#Frappuccino
 #Starbucks https://t.co/xKcYoUWkP9",Sun Mar 16 01:39:07 +0000 2025,2,it,"My First Time Frappuccino.
Relax time
#Frappuccino
 #Starbucks https://t.co/xkcyouwkp9",1,1,0,0,1,0,0,0,0
1901639909892657391,"ğŸ»STARBUCKSâ˜•
å†·ãŸã„ğŸ§Šé£²ã¿ç‰©å…¥ã‚Œã‚‹ã¨
è‰²ãŒå¤‰ã‚ã‚‹ãƒªãƒ¦ãƒ¼ã‚¶ãƒ–ãƒ«
ã‚«ãƒƒãƒ—ã§ğŸ§ŠIce
#ãƒ¦ã‚ºã‚·ãƒˆãƒ©ã‚¹ãƒ†ã‚£ãƒ¼
#ãƒ‘ãƒƒã‚·ãƒ§ãƒ³ã«å¤‰æ›´
ğŸ”´ãƒã‚«ãƒ­ãƒ³
ç¾å‘³ã—ãé ‚ãã¾ã—ãŸğŸ»
#STARBUCKS
#ã‚¹ã‚¿ãƒ¼ãƒãƒƒã‚¯ã‚¹ã€€
#ã‚¹ã‚¿ãƒå¥½ããªäººã¨ç¹‹ãŒã‚ŠãŸã„ https://t.co/OoZARbVqt9",Mon Mar 17 14:20:59 +0000 2025,3,ja,"ğŸ»STARBUCKSâ˜•
It's cold ğŸ§Š When I put in a drink
Reusable color change
In a cup ğŸ§ŠIce
#Yuzu Citrusty
Changed to #passion
ğŸ”´Macarons
It was delicious ğŸ»
#STARBUCKS
#Starbucks
#I want to connect with people who like Starbucks https://t.co/OoZARbVqt9",1,1,0,1,0,0,0,1,0
1902644329514172853,"â˜•089åº—èˆ—ç›®
ã€ã‚¦ã‚£ãƒ³ã‚°ä¸Šå¤§å²¡åº—ã€‘
â˜…ç¥å¥ˆå·çœŒ69åº—èˆ—ç›®

äº¬æ€¥ç™¾è²¨åº—ç›´çµã®é§…ãƒ“ãƒ«ï¼Ÿã‚¦ã‚£ãƒ³ã‚°ä¸Šå¤§å²¡

ã‚¨ã‚¹ã‚«ãƒ¬ãƒ¼ã‚¿ãƒ¼ç™»ã£ã¦çœŸã‚“å‰ã«ã‚ã£ãŸã®ãŒå°è±¡çš„

é£²ã‚“ã ã®ã¯â€¦ã‚ªãƒ¼ãƒ„ãƒŸãƒ«ã‚¯ã®ãªã«ã‹(è¨˜æ†¶åŠ›)

 #ã‚¹ã‚¿ãƒ
 #ã‚¹ã‚¿ãƒ¼ãƒãƒƒã‚¯ã‚¹
 #Starbucks
 #ãƒã‚¤ã‚¹ãƒˆã‚¢ãƒ‘ã‚¹ãƒãƒ¼ãƒˆ https://t.co/ofqlW9CMZg",Thu Mar 20 08:52:12 +0000 2025,5,ja,"â˜•089th store
[Wing Kamiooka store]
â˜…69th store in Kanagawa Prefecture

A station building directly connected to Keikyu department store? Wing Kamiooka

It was impressive to see that it was right in front of the escalator.

I drank... Something about oat milk (memory)

 #Starva
 #Starbucks
 #Starbucks
 #My Store Passport https://t.co/ofqlW9CMZg",1,1,0,0,0,0,0,0,0
1901152155698164106,"æ‰‹æ›¸ãã‚¿ãƒƒãƒã®ãƒ‘ãƒƒã‚±ãƒ¼ã‚¸ãŒå¯æ„›ã„ã€‚ã€€
è±†ã§ã¯ãªãã€èŠ±ãŒä¸»å½¹ã®ã‚³ãƒ¼ãƒ’ãƒ¼ã‚¿ã‚¤ãƒ ã§ã™ã€‚
#starbucks #sakura https://t.co/DKSq3c81EQ",Sun Mar 16 06:02:50 +0000 2025,2,ja,"The hand-painted packaging is cute.ã€€
This is coffee time, with flowers as the main focus, not beans.
#starbucks #sakura https://t.co/DKSq3c81EQ",1,1,0,0,0,0,0,1,0
1902144175124164716,"å¨˜ã®Dæ§˜ã‹ã‚‰é…ã‚Œã¦ã‚‚ã‚‰ã£ãŸãƒ›ãƒ¯ã‚¤ãƒˆãƒ‡ãƒ¼ğŸ’

ã‚¹ã‚¿ãƒã®ã‚¨ã‚³ãƒãƒƒã‚°ä½¿ã„ã‚„ã™ã‹ã£ãŸã®ã«åº•ãŒåˆ‡ã‚Œã¡ã‚ƒã£ã¦ã¾ãŸæ¬²ã—ã„ã¨è¨€ã£ã¦ãŸã‚“ã ã€œ
æœ€è¿‘ç™ºå£²ã—ãŸå°ã•ã‚ã‚¨ã‚³ãƒãƒƒã‚°ã‚‚å¯æ„›ã„ã—ã€ãšã£ã¨ãŠæ°´é£²ã‚“ã§ã‚‹ç§ã«ã¯å¬‰ã—ã„ã‚¿ãƒ³ãƒ—ãƒ©ãƒ¼ğŸ¥¤

å¤§äº‹ã«ä½¿ã„ã¾ãƒ¼ã™â™ªáµ—Ê±áµƒáµ‘áµáµ§â‚’áµ¤â¥

#ã‚¹ã‚¿ãƒ¼ãƒãƒƒã‚¯ã‚¹ã‚°ãƒƒã‚º
#Starbucks https://t.co/AuJlaCVqW6",Tue Mar 18 23:44:46 +0000 2025,13,ja,"White Day was late from my daughter DğŸ’

Starbucks eco bags were easy to use, but the bottom broke and they said they wanted it again
The recently released small eco bag is also cute, and it's a great tamp pluck for me, who has been drinking water for a long timeğŸ¥¤

I'll use it carefullyâ™ªáµ—Ê±áµƒáµ‘áµáµ§â‚’áµ¤â¥

#Starbucks Goods
#Starbucks https://t.co/AuJlaCVqW6",1,1,0,1,0,0,0,1,0
1901754814184222931,"#12marzo Un hombre recibiÃ³ 50 millones de dÃ³lares tras sufrir graves quemaduras con una bebida de #Starbucks . ğŸ’°ğŸ˜®

El  jurado determinÃ³ que el suceso ocurriÃ³ en Los Ãngeles, #EEUU se debiÃ³ a que la empleada no asegurÃ³ correctamente la bebida caliente. ğŸ¥›

ğŸ“¹: RRSS https://t.co/eybNHzs8Pn",Mon Mar 17 21:57:35 +0000 2025,2,es,"#12Marzo A man received 50 million dollars after suffering serious burns with a #starbucks drink. ğŸ’°ğŸ˜®

The jury determined that the event occurred in Los Angeles, #EEUU was due to the fact that the employee did not correctly secure the hot drink. ğŸ¥›

ğŸ“¹: RRSS https://t.co/eybnhzs8pn",1,1,0,0,0,0,0,1,0
1902178971569066492,Repartidor gana multimillonaria demanda a #Starbucks por derramarse tÃ© caliente en sus partes. https://t.co/14j4XgpfEz,Wed Mar 19 02:03:02 +0000 2025,11,es,Distributor wins multimillionaire demands #Starbucks for spilling hot tea in its parts. https://t.co/14j4xgpfez,1,0,0,1,1,1,0,1,1
1901726546467205505,Choice of drug #coffee #starbucks https://t.co/lQjWiXOnSD,Mon Mar 17 20:05:15 +0000 2025,4,en,Choice of drug #coffee #starbucks https://t.co/lQjWiXOnSD,1,1,0,1,1,0,0,1,0
1902939863932080352,"ç—…é™¢å¸°ã‚Šã«
æ˜¥ç©ºãƒŸãƒ«ã‚¯ã‚³ãƒ¼ãƒ’ãƒ¼ ãƒ•ãƒ©ãƒšãƒãƒ¼ãƒ
ã„ãŸã ã„ã¦ãã¾ã—ãŸğŸ©·à¾€à½²

ğŸ“ãƒœãƒ¼ãƒ«å‰²ã‚‹ã®ã«è‹¦æˆ¦ã—ã¾ã—ãŸ
(ï½¡&gt;ã…¿&lt;ï½¡)

#Starbucks
#HANATSUãƒ—ãƒ­ãƒ¢ãƒ¼ã‚·ãƒ§ãƒ³ https://t.co/HW9L9kpoDQ",Fri Mar 21 04:26:33 +0000 2025,5,ja,"On my way home from the hospital
Spring Sky Milk Coffee Frappuccino
I've received it ğŸ©·à¾€à½²

ğŸ“I struggled to break the ball
(ï½¡&gt;ã…¿&lt;ï½¡)

#Starbucks
#HANATSU Promotion https://t.co/HW9L9kpoDQ",1,0,0,1,1,0,1,0,0
1901223529577947536,"è·å ´ã§ãŠæ°´é£²ã‚€ç”¨ã«ã—ãŸãã¦è²·ã£ãŸ
ã‚¹ã‚¿ãƒã®ã‚°ãƒ©ã‚¹ã‚¿ãƒ³ãƒ–ãƒ©ãƒ¼ğŸ©µğŸª½

ãƒ†ãƒ³ã‚·ãƒ§ãƒ³ä¸ŠãŒã‚‹ã®ã§
è²·ã£ã¦ã‚ˆã‹ã£ãŸ~~ â½â½ â—Ÿ( ï½¥oË™ )â—

#Starbucks #ã‚¹ã‚¿ãƒ #æ°´è‰² https://t.co/FIgn4Phl35",Sun Mar 16 10:46:27 +0000 2025,9,ja,"I bought it because I wanted to drink water at work
Starbucks Grass Tanbler ğŸ©µğŸª½

Because I get excited
I'm glad I bought it~ â½â½ â—Ÿ( ï½¥oË™ )â—

#Starbucks #Starbucks #Light Blue https://t.co/FIgn4Phl35",1,0,0,1,0,1,0,1,0
1902742906752139569,"å¤œã®æ•£æ­©
#Starbucks  #æŸ´çŠ¬ https://t.co/pjl1S9iFPr",Thu Mar 20 15:23:54 +0000 2025,12,sv,"å¤œã®æ•£æ­©
#Starbucks #æŸ´çŠ¬ https://t.co/pjl1s9ifr",1,0,0,1,1,1,0,1,0
1900254869463703557,A taste of happiness in every sip â˜•ï¸ #Starbucks #GOLD https://t.co/ypBaQn3ypx,Thu Mar 13 18:37:20 +0000 2025,3,en,A taste of happiness in every sip â˜•ï¸ #Starbucks #GOLD https://t.co/ypBaQn3ypx,1,0,0,1,1,1,0,1,0
1900424465026351396,"å¯æ„›ã„ã®ã‚’è²·ã£ã¡ã‚ƒã£ãŸ(ï¾‰â‰§Ú¡â‰¦)â˜†
å¤å ´ã«æ´»èºã—ã¦ãã‚Œãã†ï¼ï¼ˆä»Šæ™‚æœŸã¯ãƒ›ãƒƒãƒˆãŒå¤šã„ã‹ã‚‰ã‚ã¾ã‚Šä½¿ã‚ã•ã‚‰ãªã„ï¼‰
#Starbucks
#ã‚¹ã‚¿ãƒã‚¿ãƒ³ãƒ–ãƒ©ãƒ¼ https://t.co/YHL34oGXIR",Fri Mar 14 05:51:15 +0000 2025,5,ja,"I bought a cute one (ï¾‰â‰§Ú¡â‰¦)â˜†
It looks like it will be useful in the summer! (I don't use it very often because there are a lot of hot spots this time of year.)
#Starbucks
#Starbuck Tumbler https://t.co/YHL34oGXIR",1,0,0,0,0,0,0,1,0
1899431047382659000,"Conversamos con una trabajadora de Starbucks en huelga, quien nos explica las razones de la movilizaciÃ³n y las condiciones laborales que enfrentan.

#Huelga #Starbucks #DerechosLaborales #Trabajadores #MovilizaciÃ³n https://t.co/QDaMgJjTNA",Tue Mar 11 12:03:46 +0000 2025,17,es,"We talked with a Starbucks worker on strike, who explains the reasons for the mobilization and the working conditions they face.

#Huelga #Starbucks #Derechroles #Trabajadores #Mobilization https://t.co/qdamgjjtna",1,0,0,1,0,1,0,1,0
1901986165831643100,"ãƒãƒã‚¬è‰²ğŸ©·ğŸ©·
ã‹ã‚ã„ã„ğŸ¥¹ğŸ©·

#Starbucks https://t.co/yRHRyoxqIr",Tue Mar 18 13:16:53 +0000 2025,7,ja,"Nonoga colourğŸ©·ğŸ©·
CuteğŸ¥¹ğŸ©·

#Starbucks https://t.co/yRHRyoxqIr",1,0,0,1,1,1,0,1,0
1902665996500140300,"ãƒ‘ãƒƒã‚·ãƒ§ãƒ³ãƒ†ã‚£ãƒ¼ğ“‚ƒà§â‹†âƒâƒ›
è¢‹ã®ä¸­ã¯ãƒ‰ãƒªãƒƒãƒ—ã‚³ãƒ¼ãƒ’ãƒ¼â˜•ï¸ğ“ˆ’ ğ“‚‚ğ“¸

é å‡ºã—ãŸã‹ã‚‰åˆã‚ã¦ã®åº—èˆ—è¡Œã£ã¦ããŸğŸš—â¸’â¸’

 #ã‚¹ã‚¿ãƒ #ã‚¹ã‚¿ãƒ¼ãƒãƒƒã‚¯ã‚¹ #Starbucks
 #ã‚¹ã‚¿ãƒå¥½ã #ã‚¹ã‚¿ãƒå·¡ã‚Š
 #ãƒ‘ãƒƒã‚·ãƒ§ãƒ³ãƒ†ã‚£ãƒ¼ #ãƒ‰ãƒªãƒƒãƒ—ã‚³ãƒ¼ãƒ’ãƒ¼
 #ç´…èŒ¶ #ã‚³ãƒ¼ãƒ’ãƒ¼ #çˆç²
 #æ—¥å¸¸ #æ—¥å¸¸å¢ https://t.co/rcrSKOysRy",Thu Mar 20 10:18:18 +0000 2025,14,ja,"Passion Teeğ“‚ƒà§â‹†âƒâƒ›
The bag is drip coffee â˜•ï¸ğ“ˆ’ ğ“‚‚ğ“¸

I went to the store for the first time since I went out ğŸš—â¸’â¸’

 #Starbucks #Starbucks
 #Starbucks lover #Starbucks tour
 #Passion Tea #Drip Coffee
 #Tea #Coffee #Coffee
 #Daily Life #Daily Life Account https://t.co/rcrSKOysRy",0,0,0,1,0,0,1,1,0
1901152155698164200,"æ‰‹æ›¸ãã‚¿ãƒƒãƒã®ãƒ‘ãƒƒã‚±ãƒ¼ã‚¸ãŒå¯æ„›ã„ã€‚ã€€
è±†ã§ã¯ãªãã€èŠ±ãŒä¸»å½¹ã®ã‚³ãƒ¼ãƒ’ãƒ¼ã‚¿ã‚¤ãƒ ã§ã™ã€‚
#starbucks #sakura https://t.co/DKSq3c81EQ",Sun Mar 16 06:02:50 +0000 2025,2,ja,"The hand-painted packaging is cute.ã€€
This is coffee time, with flowers as the main focus, not beans.
#starbucks #sakura https://t.co/DKSq3c81EQ",1,0,0,0,0,0,0,0,0
1900254869463703600,A taste of happiness in every sip â˜•ï¸ #Starbucks #GOLD https://t.co/ypBaQn3ypx,Thu Mar 13 18:37:20 +0000 2025,3,en,A taste of happiness in every sip â˜•ï¸ #Starbucks #GOLD https://t.co/ypBaQn3ypx,1,1,0,1,1,0,1,1,0
1902948287058973000,"PEANUTS + STARBUCKS

ì´ë ‡ê²Œ ê·€ì—¬ìš´ ë§ˆì¹´ë¡±ì´ë¼ë‹ˆ!
#ìŠ¤ëˆ„í”¼ë§ˆì¹´ë¡± #ì°°ë¦¬ë¸Œë¼ìš´ë§ˆì¹´ë¡±

ì… ì•ˆ ê°€ë“ ëŠê»´ì§€ëŠ” ì§„í•œ ì´ˆì½œë¦¿ ê°€ë‚˜ìŠˆ, ë¶€ë“œëŸ¬ìš´ ë°”ë‹ë¼ í¬ë¦¼ê¹Œì§€!

3ì›” 27ì¼ë¶€í„° ê°€ê¹Œìš´ ìŠ¤íƒ€ë²…ìŠ¤ ë§¤ì¥ì—ì„œ ë§Œë‚˜ë³´ì„¸ìš”. 

#3ì›”27ì¼ë¶€í„° #ìŠ¤íƒ€ë²…ìŠ¤ìŠ¤ëˆ„í”¼
#Starbucks #StarbucksKorea #ìŠ¤íƒ€ë²…ìŠ¤ https://t.co/jd7PHM5ePr",Fri Mar 21 05:00:01 +0000 2025,9,ko,"Peanuts + Starbucks

This cute macaroon!
#Snoopy Macaroon #Charlie Brown Macaroon

Dark chocolate Kanashu and soft vanilla cream!

From March 27th, meet at the nearest Starbucks store. 

#Star Buckssupi from March 27th
#Starbucks #starbuckskorea",1,1,0,1,0,0,1,0,0
1902464778737742000,"é£²ã¿ãŸã‹ã£ãŸãƒ•ãƒ©ãƒšãƒãƒ¼ãƒâ˜•ï¸ğŸŒ¿.â€¢*
ç”˜ã„ã®å¥½ãã ã‹ã‚‰ã‚­ãƒ£ãƒ©ãƒ¡ãƒ«è¿½åŠ ã—ã¾ã—ãŸ!!
ã“ã‚Œã¯â€¦ã¾ãŸé£²ã¿ãŸã„ã‚„ãƒ¼ã¤ï¼ï¼

 #ã‚¹ã‚¿ãƒ
 #ã‚¹ã‚¿ãƒ¼ãƒãƒƒã‚¯ã‚¹
 #ã‚¨ã‚¹ãƒ—ãƒ¬ãƒƒã‚½ã‚¢ãƒ•ã‚©ã‚¬ãƒ¼ãƒ‰ãƒ•ãƒ©ãƒšãƒãƒ¼ãƒ
  #starbucks https://t.co/FoZnGIRIL1",Wed Mar 19 20:58:43 +0000 2025,11,ja,"I wanted to drink Frappuccinoâ˜•ï¸ğŸŒ¿.â€¢*
I love sweets so I added caramel!!
This is... I want to drink it again! !

 #Starva
 #Starbucks
 #Espresso Afogado Frappuccino
  #starbucks https://t.co/FoZnGIRIL1",1,0,0,1,0,0,0,0,0
1897541513799942400,"ä¹…ã€…ã®Starbucksâ€¦â˜•ï¸â˜•ï¸â˜•ï¸
#Starbucks #Coffee #CafeTime #ã‚³ãƒ¼ãƒ’ãƒ¼ #ã‚³ãƒ¼ãƒ’ãƒ¼ã®ã‚ã‚‹æš®ã‚‰ã— https://t.co/y4VsD9Mh1s",Thu Mar 06 06:55:26 +0000 2025,70,ja,"It's been a while since Starbucks...â˜•ï¸â˜•ï¸â˜•ï¸
#Starbucks #Coffee #CafeTime #Coffee #Life with Coffee https://t.co/y4VsD9Mh1s",1,1,0,2,0,0,1,0,0
1902829417623114000,"â˜•ï¸ One espresso decapitino, please. â˜•ï¸ #starbucks #montana https://t.co/v7Smr8CZST",Thu Mar 20 21:07:40 +0000 2025,24,it,"â˜•ï¸ One express decapitus, please. â˜•ï¸ #Starbucks #montana https://t.co/v7smr8czst",1,0,0,2,1,0,0,0,0
1901085791620907300,"My first time Frappuccino.
Relax time
#Frappuccino
 #Starbucks https://t.co/xKcYoUWkP9",Sun Mar 16 01:39:07 +0000 2025,2,it,"My First Time Frappuccino.
Relax time
#Frappuccino
 #Starbucks https://t.co/xkcyouwkp9",1,0,0,1,0,0,0,0,0
1899210074049958400,"Sin reÃ­rse repito sin reÃ­rse

Flojas para trabajar y para hacer ejercicios 

#Starbucks https://t.co/M8Hq7XiltR",Mon Mar 10 21:25:41 +0000 2025,268,es,"Without laughing I repeat without laughing

Lazy to work and exercise 

#Starbucks https://t.co/m8hq7xiltr",1,1,0,1,0,0,0,0,0
1902625109199999500,"ãƒã‚¤ã‚¹ãƒˆã‚¢ãƒ‘ã‚¹ãƒãƒ¼ãƒˆã‚¹ã‚¿ãƒ³ãƒ—
è¨ªå•å›æ•°
ã‚¹ã‚¿ãƒ¼ãƒãƒƒã‚¯ã‚¹èŠ¦èŠ±å…¬åœ’åº—
300å›ç›®ã«ãªã‚Šã¾ã—ãŸã€‚
è¿‘æ‰€ã§ã‚ˆãè³¼å…¥ã™ã‚‹ãŠåº—ã€‚
#ãƒã‚¤ã‚¹ãƒˆã‚¢ãƒ‘ã‚¹ãƒãƒ¼ãƒˆ
#ã‚¹ã‚¿ãƒ¼ãƒãƒƒã‚¯ã‚¹
#è¨ªå•å›æ•°
#300å›ç›®
#Starbucks https://t.co/yx8H3Hkmg6",Thu Mar 20 07:35:49 +0000 2025,16,ja,"My Store Passport Stamp
Number of visits
Starbucks Ashika Park Store
It's the 300th time.
A shop that I often buy in my neighborhood.
#My Store Passport
#Starbucks
#Number of visits
#300th
#Starbucks https://t.co/yx8H3Hkmg6",1,1,0,0,0,0,0,0,0
1902028865847144700,Taking in the sights of Tower Bridge.....Enjoying a perfect day with my coffee!  #TowerBridgeVibes #TowerBridge #LondonLife #CityVibes #ExploreMore #Starbucks https://t.co/UVo6G122hR,Tue Mar 18 16:06:34 +0000 2025,4,en,Taking in the sights of Tower Bridge.....Enjoying a perfect day with my coffee!  #TowerBridgeVibes #TowerBridge #LondonLife #CityVibes #ExploreMore #Starbucks https://t.co/UVo6G122hR,1,0,0,1,0,0,0,0,0
1901985382599700700,"ã‚¹ã‚¿ãƒğŸŒ¸SAKURAã‚·ãƒªãƒ¼ã‚º2025ğŸŒ¸
æ¡œã‚·ãƒªãƒ¼ã‚ºãŒå¤§å¥½ãã§ã€æ¯å¹´ã®ãŠæ¥½ã—ã¿ã€œğŸ’•ãŠç›®å½“ã¦ã®ãƒœãƒˆãƒ«ã‚‚ç„¡äº‹ã€GETã§ãã¦å¤§æº€è¶³ã€œâ™¬âœ¨

ï¼ƒSTARBUCKS
#SAKURAã‚·ãƒªãƒ¼ã‚ºğŸŒ¸ https://t.co/Eq3XWQb2L9",Tue Mar 18 13:13:47 +0000 2025,11,ja,"Starbucks ğŸŒ¸SAKURA Series 2025ğŸŒ¸
I love the Sakura series and enjoy it every year~ğŸ’• I was able to get the bottle I was looking for safely and very satisfied~â™¬âœ¨

#STARBUCKS
#SAKURA SeriesğŸŒ¸ https://t.co/Eq3XWQb2L9",1,0,0,1,0,0,0,0,0
1902133288707486000,"Soylatteğ– šá

#starbucks 
#photo https://t.co/2rlDvmOKRy",Tue Mar 18 23:01:30 +0000 2025,4,sv,"Soylatte ğ– šá

#starbucks 
#photo https://t.co/2rldvmokry",1,0,0,0,0,0,0,0,0
1901986610406896000,"ä»Šå¹´ã‚‚è²·ã†ãï½
 #Starbucks
 #SNOOPY https://t.co/4wOlvZe918",Tue Mar 18 13:18:39 +0000 2025,6,sv,"ä»Šå¹´ã‚‚è²·ã†ãï½
 #Starbucks
 #Snoopy https://t.co/4wolvze918",1,1,0,0,0,0,0,1,0
1901726546467205600,Choice of drug #coffee #starbucks https://t.co/lQjWiXOnSD,Mon Mar 17 20:05:15 +0000 2025,4,en,Choice of drug #coffee #starbucks https://t.co/lQjWiXOnSD,1,0,0,0,0,0,0,0,0
1900000478899147000,"é£Ÿå¾Œã¯ãƒãƒ£ã‚¤ãƒ†ã‚£ãƒ¼ãƒ©ãƒ†â˜•ğ“ˆ’ğ“¸ï¸ï¸ï¸ï¸

#starbucks https://t.co/JLXRT2M9bb",Thu Mar 13 01:46:29 +0000 2025,5,ja,"After dinner, chai tea latteâ˜•ğ“ˆ’ğ“¸ï¸ï¸ï¸

#starbucks https://t.co/JLXRT2M9bb",1,0,0,0,0,0,0,0,0
1899899149471888000,"So I scored a $15 Frappuccino at Starbucks! Lady wanted to just to Instagram the first cherry series drink but didn't want it, she gave it to me ğŸ˜ğŸ‘ #Starbucks #CoffeeTime #CoffeeLover #coffeelovergift #Wednesdayvibe #BookLovers #BookTwitter https://t.co/dtXUQxxKE9",Wed Mar 12 19:03:50 +0000 2025,42,en,"So I scored a $15 Frappuccino at Starbucks! Lady wanted to just to Instagram the first cherry series drink but didn't want it, she gave it to me ğŸ˜ğŸ‘ #Starbucks #CoffeeTime #CoffeeLover #coffeelovergift #Wednesdayvibe #BookLovers #BookTwitter https://t.co/dtXUQxxKE9",1,0,0,0,0,0,0,0,0
1900766646379372800,"å½“é¸ã—ã¾ã™ã‚ˆã†ã«ğŸ™âœ¨ï¸
 #Starbucks https://t.co/GaiMSDef3k",Sat Mar 15 04:30:57 +0000 2025,13,ja,"I hope you win ğŸ™âœ¨ï¸
 #Starbucks https://t.co/GaiMSDef3k",1,0,0,1,0,0,0,0,0
1900832606284870000,"ä»Šæ—¥ã®ã‚·ãƒ¡â˜•ï¸

 #starbucks https://t.co/fW5S6Y3Vdu",Sat Mar 15 08:53:03 +0000 2025,10,sv,"ä»Šæ—¥ã®ã‚·ãƒ¡â˜•ï¸

 #starbucks https://t.co/fw5s6y3vdu",1,0,0,0,0,0,0,0,0
1902522121257149000,"è²·ã†ã®å¿˜ã‚Œã¦ãŸã®è²·ãˆãŸ

#STARBUCKS
#starbucks
#starbucks_j
#ã‚¹ã‚¿ãƒ¼ãƒãƒƒã‚¯ã‚¹
#ã‚¹ã‚¿ãƒ
#ã‚³ãƒ¼ãƒ’ãƒ¼å¥½ã https://t.co/85PvlYnofV",Thu Mar 20 00:46:35 +0000 2025,9,ja,"I forgot to buy it, I bought it

#STARBUCKS
#starbucks
#starbucks_j
#Starbucks
#Starva
#Coffee lover https://t.co/85PvlYnofV",1,0,1,0,0,0,0,0,0
1902742906752139500,"å¤œã®æ•£æ­©
#Starbucks  #æŸ´çŠ¬ https://t.co/pjl1S9iFPr",Thu Mar 20 15:23:54 +0000 2025,12,sv,"å¤œã®æ•£æ­©
#Starbucks #æŸ´çŠ¬ https://t.co/pjl1s9ifr",0,0,0,1,0,0,0,0,0
1899628351528288500,"ä»Šæ—¥ç™ºå£²ã®
æ˜¥ç©ºãƒŸãƒ«ã‚¯ã‚³ãƒ¼ãƒ’ãƒ¼ãƒ•ãƒ©ãƒšãƒãƒ¼ãƒâ€¦
ä¸­ã®ã‚¹ãƒˆãƒ­ãƒ™ãƒªãƒ¼ãƒœãƒ¼ãƒ«ã‚’
ã‚¹ãƒˆãƒ­ãƒ¼ã§å‰²ã£ã¦å‘³å¤‰ã™ã‚‹ã‚‰ã—ã„ã‚“ãŸã‘ã©â€¦ã“ã‚Œâ€¦
ç´™ã®ã‚¹ãƒˆãƒ­ãƒ¼ã˜ã‚ƒå‰²ã‚Œãªã„ã£ã¦ğŸ’¦
ã‹ãªã‚Šå›ºã„ã‚ˆâ€¦ğŸ˜…
ãã—ã¦é£²ã‚“ã ã‚ã¨ã«æ®‹ã£ãŸã€
ã‚¹ãƒˆãƒ­ãƒ™ãƒªãƒ¼ãƒœãƒ¼ãƒ«â€¦ğŸ¤”
 #Starbucks  #ã‚¹ã‚¿ãƒ¼ãƒãƒƒã‚¯ã‚¹ 
 #æ˜¥ç©ºãƒŸãƒ«ã‚¯ã‚³ãƒ¼ãƒ’ãƒ¼ãƒ•ãƒ©ãƒšãƒãƒ¼ãƒ https://t.co/J3pKWZQc2C",Wed Mar 12 01:07:47 +0000 2025,124,ja,"Released today
Spring Sky Milk Coffee Frappuccino...
Strawberry ball inside
Apparently it can be split with a straw and change the taste... but... this...
Paper straws won't break
It's pretty hard...ğŸ˜…
And after drinking it, it was left behind
Strawberry ball...ğŸ¤”
 #Starbucks #Starbucks
 #Spring Sky Milk Coffee Frappuccino https://t.co/J3pKWZQc2C",1,0,0,0,0,0,0,0,0
1902144175124164600,"å¨˜ã®Dæ§˜ã‹ã‚‰é…ã‚Œã¦ã‚‚ã‚‰ã£ãŸãƒ›ãƒ¯ã‚¤ãƒˆãƒ‡ãƒ¼ğŸ’

ã‚¹ã‚¿ãƒã®ã‚¨ã‚³ãƒãƒƒã‚°ä½¿ã„ã‚„ã™ã‹ã£ãŸã®ã«åº•ãŒåˆ‡ã‚Œã¡ã‚ƒã£ã¦ã¾ãŸæ¬²ã—ã„ã¨è¨€ã£ã¦ãŸã‚“ã ã€œ
æœ€è¿‘ç™ºå£²ã—ãŸå°ã•ã‚ã‚¨ã‚³ãƒãƒƒã‚°ã‚‚å¯æ„›ã„ã—ã€ãšã£ã¨ãŠæ°´é£²ã‚“ã§ã‚‹ç§ã«ã¯å¬‰ã—ã„ã‚¿ãƒ³ãƒ—ãƒ©ãƒ¼ğŸ¥¤

å¤§äº‹ã«ä½¿ã„ã¾ãƒ¼ã™â™ªáµ—Ê±áµƒáµ‘áµáµ§â‚’áµ¤â¥

#ã‚¹ã‚¿ãƒ¼ãƒãƒƒã‚¯ã‚¹ã‚°ãƒƒã‚º
#Starbucks https://t.co/AuJlaCVqW6",Tue Mar 18 23:44:46 +0000 2025,13,ja,"White Day was late from my daughter DğŸ’

Starbucks eco bags were easy to use, but the bottom broke and they said they wanted it again
The recently released small eco bag is also cute, and it's a great tamp pluck for me, who has been drinking water for a long timeğŸ¥¤

I'll use it carefullyâ™ªáµ—Ê±áµƒáµ‘áµáµ§â‚’áµ¤â¥

#Starbucks Goods
#Starbucks https://t.co/AuJlaCVqW6",1,0,0,0,0,0,0,0,0
1900880838537212000,"ã‚¹ã‚¿ãƒãªã†ï¼
 #Starbucks
 #æ ªãã‚¯ãƒ©ã‚¹ã‚¿ãƒéƒ¨ https://t.co/Xn9a5X3yQn",Sat Mar 15 12:04:43 +0000 2025,23,ja,"Starbucks now!
 #Starbucks
 #Stock Clusterba Club https://t.co/Xn9a5X3yQn",1,1,0,1,0,0,0,0,0
1901223529577947600,"è·å ´ã§ãŠæ°´é£²ã‚€ç”¨ã«ã—ãŸãã¦è²·ã£ãŸ
ã‚¹ã‚¿ãƒã®ã‚°ãƒ©ã‚¹ã‚¿ãƒ³ãƒ–ãƒ©ãƒ¼ğŸ©µğŸª½

ãƒ†ãƒ³ã‚·ãƒ§ãƒ³ä¸ŠãŒã‚‹ã®ã§
è²·ã£ã¦ã‚ˆã‹ã£ãŸ~~ â½â½ â—Ÿ( ï½¥oË™ )â—

#Starbucks #ã‚¹ã‚¿ãƒ #æ°´è‰² https://t.co/FIgn4Phl35",Sun Mar 16 10:46:27 +0000 2025,9,ja,"I bought it because I wanted to drink water at work
Starbucks Grass Tanbler ğŸ©µğŸª½

Because I get excited
I'm glad I bought it~ â½â½ â—Ÿ( ï½¥oË™ )â—

#Starbucks #Starbucks #Light Blue https://t.co/FIgn4Phl35",0,1,0,1,0,0,0,1,0
1902091387111387600,"In #Starbucks's reply to the report â€œExploitation and Opacity,â€ the company claims that it requires coffee suppliers to guarantee its standards and conduct periodic reviews of their supply chains. However, our report demonstrates the opposite. 

Additionally, the company https://t.co/tkWK1UsX2F",Tue Mar 18 20:15:00 +0000 2025,2,en,"In #Starbucks's reply to the report â€œExploitation and Opacity,â€ the company claims that it requires coffee suppliers to guarantee its standards and conduct periodic reviews of their supply chains. However, our report demonstrates the opposite. 

Additionally, the company https://t.co/tkWK1UsX2F",1,0,0,1,1,0,0,0,0
1902482769336263200,Mi regalo del #diadelpadre de unos de los mejores cafÃ© top en el mundo cuÃ¡l #Starbucks https://t.co/XNjts6t9Nc,Wed Mar 19 22:10:13 +0000 2025,12,es,My #DiadelPadre gift of one of the best Top coffee in the world which #starbucks https://t.co/xnjts6t9nc,1,0,0,1,1,0,0,1,0
1899627096223482400,"ãŠæ•£æ­©ä¼‘æ†©ä¸­â˜•ï¸ï¼ˆãƒãƒï¼‰
ãƒ†ãƒ©ã‚¹å¸­ã‹ã‚‰ãƒ¢ãƒã‚¤ãƒ«ã‚ªãƒ¼ãƒ€ãƒ¼ã™ã‚‹ã¾ã§ã¯ã„ã„ã¨ã—ã¦ã€ãƒªãƒ¼ãƒ‰ãƒ•ãƒƒã‚¯ã«ç¹‹ã’ã¦ã‚³ãƒ¼ãƒ’ãƒ¼ã‚’å—ã‘å–ã‚Šã«è¡Œãã®ã‚’èºŠèº‡ã™ã‚‹é£¼ã„ä¸»ã€‚å¿…æ­»ã«ä¸­ã«ã„ã‚‹åº—å“¡ã•ã‚“ã«ã‚¢ãƒ”ãƒ¼ãƒ«ã™ã‚‹ã®æ¥ãšã‹ã—ã„ğŸ˜…

#starbucks https://t.co/CLMJjwyRVm",Wed Mar 12 01:02:47 +0000 2025,113,ja,"Walking break â˜•ï¸ (Mom)
It's fine until you order a mobile order from the terrace, but the owner hesitates to connect it to a lead hook and pick up the coffee. It's embarrassing to appeal to the store clerk inside desperately.

#starbucks https://t.co/CLMJjwyRVm",1,1,0,1,0,0,1,0,0
1901348881507434500,I'm gonna try the Spicy Falafel Pocket and then ima start my next fast :3 #edtwt #starbucks https://t.co/8AeMt4h0f2,Sun Mar 16 19:04:33 +0000 2025,6,en,I'm gonna try the Spicy Falafel Pocket and then ima start my next fast :3 #edtwt #starbucks https://t.co/8AeMt4h0f2,1,0,0,1,0,1,0,1,0
1902678295025779000,"æœ¬æ—¥ã®
#Archery #Starbucks https://t.co/ZGgVQdUpQl",Thu Mar 20 11:07:10 +0000 2025,7,de,"æœ¬æ—¥ã®
#Archery #starbucks https://t.co/zggvqdupql",0,0,0,1,0,0,1,0,0
1902355469999493400,"à¤¬à¤¦à¤²à¤¤à¤¾ à¤ªà¥à¤°à¤¯à¤¾à¤—à¤°à¤¾à¤œ.
 Prayagraj Civil Lines.
#WestSide. #shoppersstop #Starbucks #theyellowchilli https://t.co/VA0i7z83su",Wed Mar 19 13:44:22 +0000 2025,18,en,"à¤¬à¤¦à¤²à¤¤à¤¾ à¤ªà¥à¤°à¤¯à¤¾à¤—à¤°à¤¾à¤œ.
 Prayagraj Civil Lines.
#WestSide. #shoppersstop #Starbucks #theyellowchilli https://t.co/VA0i7z83su",1,0,0,1,1,0,0,1,0
1901896680926298600,"ä»Šæ—¥ã®ãŠã‚„ã¤ã¯ã€ç„æ¨¹ãã‚“ã‹ã‚‰è²°ã£ãŸã‚±ãƒ¼ã‚­ã«æ±ºã¾ã‚Šã ã­ğŸ’•
ã‚ğŸ˜…ã‚«ãƒ­ãƒªãƒ¼æ°—ã«ã—ã¦ã‚‹ã®ã«ã€ä¸€æ’ƒã§è§£æ”¾ã—ã¡ã‚ƒã†ç§ã‚’æ€’ã£ã¦ä¸‹ã•ã„ğŸ¥¹
ã‚¹ã‚¿ãƒã®ã‚±ãƒ¼ã‚­æŒã¡å¸°ã‚ŠğŸ’•
ï¼ƒå²©æ©‹ç„æ¨¹
ï¼ƒStarbucks https://t.co/bVtE8IIvN1",Tue Mar 18 07:21:18 +0000 2025,34,ja,"Today's snack is the cake I received from Genki ğŸ’•
Ah ğŸ˜… You're worried about the calories, but please get mad at me for letting me free you in one hit ğŸ¥¹
Starbucks cake take home
#Iwahashi Genki
#Starbucks https://t.co/bVtE8IIvN1",0,1,0,1,0,0,0,1,0
1900671089799532800,Brown sugar shaken expresso with vanilla cold foamâ€¦I miss the plastic cupsâ€¦these paper cups gotta goğŸ¤¨ğŸ¤¨ğŸ¤¨#Starbucks https://t.co/DK3ZnuNjEg,Fri Mar 14 22:11:15 +0000 2025,21,en,Brown sugar shaken expresso with vanilla cold foamâ€¦I miss the plastic cupsâ€¦these paper cups gotta goğŸ¤¨ğŸ¤¨ğŸ¤¨#Starbucks https://t.co/DK3ZnuNjEg,1,0,0,1,0,1,0,1,0
1902120949329097200,"Morning sunshine â˜€ï¸ Ready to make money ğŸ’° 
.
.
.
.
#tuesdayvibe #Starbucks #CoffeeTime #morning #Gratitude https://t.co/Rxxu7EwgdU",Tue Mar 18 22:12:28 +0000 2025,2,en,"Morning sunshine â˜€ï¸ Ready to make money ğŸ’° 
.
.
.
.
#tuesdayvibe #Starbucks #CoffeeTime #morning #Gratitude https://t.co/Rxxu7EwgdU",1,0,0,1,0,1,0,1,0
1901283573820489700,"âœ…ğŸ‡ºğŸ‡¸NYã‚¿ã‚¤ãƒ ã‚ºã€Œ2025å¹´ã«è¡Œãã¹ã52ãƒ¶æ‰€ã€ã«é¸å‡ºã•ã‚ŒãŸå¯Œå±±å¸‚ã«å…ˆã€…é€±è¡Œãã¾ã—ãŸãŒã€ä¸–ç•Œä¸€ç¾ã—ã„ã‚¹ã‚¿ãƒã¨ã‚‚å‘¼ã°ã‚Œã¦ã„ã‚‹ã€Œã‚¹ã‚¿ãƒ¼ãƒãƒƒã‚¯ã‚¹å¯Œå±±ç’°æ°´å…¬åœ’åº—ã€ã‚„å¯Œå±±å¸‚ã‚¬ãƒ©ã‚¹ç¾è¡“é¤¨ã€æµ·é®®ã‚°ãƒ«ãƒ¡ãªã©è¦‹æ‰€è±Šå¯Œã§ã—ãŸã€‚å‰å›æ¥è¨ªæ™‚ã«é£Ÿã¹ãŸã‚­ãƒ¼ãƒã‚«ãƒ¬ãƒ¼ã‚‚å¯Œå±±ã‚°ãƒ«ãƒ¡ãªã‚“ã ã¨ã‹ã€‚
#Starbucks https://t.co/bsHm7hSbfd",Sun Mar 16 14:45:02 +0000 2025,2,ja,"âœ…ğŸ‡ºğŸ‡¸I went to Toyama City, which was selected as one of the NY Times' 52 Places to Visit in 2025, two weeks ago, and there were many highlights, including Starbucks Toyama Kansui Park, which is also known as the most beautiful Starbucks in the world, the Toyama Glass Museum, and seafood gourmet food. The keema curry I ate last time I visited is also a Toyama gourmet food.
#Starbucks https://t.co/bsHm7hSbfd",1,0,0,0,0,0,0,0,0
1901929250351145500,"ãƒªãƒ”å¤šã‚ã ã£ãŸãƒ”ã‚¶ãƒˆãƒ¼ã‚¹ãƒˆğŸ•ç¾å‘³ã—ã‹ã£ãŸãªãğŸ¤¤
#starbucks https://t.co/ykwoIaWUgU",Tue Mar 18 09:30:44 +0000 2025,16,ja,"Pizza toast was full of repliesğŸ•It was deliciousğŸ¤¤
#starbucks https://t.co/ykwoIaWUgU",1,1,0,0,0,0,0,0,0
1902160347873923300,"ã‚¨ãƒ³ãƒˆãƒªãƒ¼å¿˜ã‚Œãªã„ã‚ˆãƒ¼ã«â˜•ğŸ’­ğŸ’•
#Starbucks
#STARBUCKS
#StarbucksMyCustomizeJourneySet https://t.co/nhCoBZNGzG",Wed Mar 19 00:49:02 +0000 2025,3,de,"ã‚¨ãƒ³ãƒˆãƒªãƒ¼å¿˜ã‚Œãªã„ã‚ˆãƒ¼ã«â˜•ğŸ’­ğŸ’•
#Starbucks
#Starbucks
#Starbucksmycustomizejourneyset https://t.co/nhcobzngzg",1,0,0,0,1,0,0,1,0
1899925449146339800,"South Indian filter coffee ranks #2 in the world!

#Coffee #filtercoffee #espresso #cappuccino #starbucks #dunkin #araku #madras https://t.co/8jgIbzzAUH",Wed Mar 12 20:48:20 +0000 2025,4,en,"South Indian filter coffee ranks #2 in the world!

#Coffee #filtercoffee #espresso #cappuccino #starbucks #dunkin #araku #madras https://t.co/8jgIbzzAUH",1,0,0,1,0,0,0,0,0
1901284211363119400,"âœ…ğŸ‡ºğŸ‡¸NYã‚¿ã‚¤ãƒ ã‚ºã€Œ2025å¹´ã«è¡Œãã¹ã52ãƒ¶æ‰€ã€ã«é¸å‡ºã•ã‚ŒãŸå¯Œå±±å¸‚ã«å…ˆã€…é€±è¡Œãã¾ã—ãŸãŒã€ä¸–ç•Œä¸€ç¾ã—ã„ã‚¹ã‚¿ãƒã¨ã‚‚å‘¼ã°ã‚Œã¦ã„ã‚‹ã€Œã‚¹ã‚¿ãƒ¼ãƒãƒƒã‚¯ã‚¹å¯Œå±±ç’°æ°´å…¬åœ’åº—ã€ã‚„å¯Œå±±å¸‚ã‚¬ãƒ©ã‚¹ç¾è¡“é¤¨ã€æµ·é®®ã‚°ãƒ«ãƒ¡ãªã©è¦‹æ‰€è±Šå¯Œã§ã—ãŸã€‚å‰å›æ¥è¨ªæ™‚ã«é£Ÿã¹ãŸã‚­ãƒ¼ãƒã‚«ãƒ¬ãƒ¼ã‚‚å¯Œå±±ã‚°ãƒ«ãƒ¡ãªã‚“ã ã¨ã‹ã€‚
#Starbucks https://t.co/OAcQ6AhrKM",Sun Mar 16 14:47:34 +0000 2025,7,ja,"âœ…ğŸ‡ºğŸ‡¸I went to Toyama City, which was selected as one of the NY Times' 52 Places to Visit in 2025, two weeks ago, and there were many highlights, including Starbucks Toyama Kansui Park, which is also known as the most beautiful Starbucks in the world, the Toyama Glass Museum, and seafood gourmet food. The keema curry I ate last time I visited is also a Toyama gourmet food.
#Starbucks https://t.co/OAcQ6AhrKM",0,0,0,1,0,1,0,1,0
1901639909892657400,"ğŸ»STARBUCKSâ˜•
å†·ãŸã„ğŸ§Šé£²ã¿ç‰©å…¥ã‚Œã‚‹ã¨
è‰²ãŒå¤‰ã‚ã‚‹ãƒªãƒ¦ãƒ¼ã‚¶ãƒ–ãƒ«
ã‚«ãƒƒãƒ—ã§ğŸ§ŠIce
#ãƒ¦ã‚ºã‚·ãƒˆãƒ©ã‚¹ãƒ†ã‚£ãƒ¼
#ãƒ‘ãƒƒã‚·ãƒ§ãƒ³ã«å¤‰æ›´
ğŸ”´ãƒã‚«ãƒ­ãƒ³
ç¾å‘³ã—ãé ‚ãã¾ã—ãŸğŸ»
#STARBUCKS
#ã‚¹ã‚¿ãƒ¼ãƒãƒƒã‚¯ã‚¹ã€€
#ã‚¹ã‚¿ãƒå¥½ããªäººã¨ç¹‹ãŒã‚ŠãŸã„ https://t.co/OoZARbVqt9",Mon Mar 17 14:20:59 +0000 2025,3,ja,"ğŸ»STARBUCKSâ˜•
It's cold ğŸ§Š When I put in a drink
Reusable color change
In a cup ğŸ§ŠIce
#Yuzu Citrusty
Changed to #passion
ğŸ”´Macarons
It was delicious ğŸ»
#STARBUCKS
#Starbucks
#I want to connect with people who like Starbucks https://t.co/OoZARbVqt9",1,1,0,0,0,0,0,0,0
1901929064098636000,"â˜• Ä°llere gÃ¶re Starbucks sayÄ±sÄ±nÄ± derledik.

ğŸ‘‰ğŸ»TÃ¼rkiye'deki Starbucks sayÄ±sÄ± ise 725.

#verikaynaÄŸÄ± #verigÃ¶rselleÅŸtirme #harita #starbucks https://t.co/XaBtPnWm4v",Tue Mar 18 09:29:59 +0000 2025,40,tr,"â˜• We have compiled the number of Starbucks according to the provinces.

The number of Starbucks in Turkey is 725.

#VerikaynaÄŸÄ± #VerigÃ¶rification",1,0,0,0,0,0,0,0,0
1901109926182985700,"ãƒªã‚¶ãƒ¼ãƒ–ã‚³ãƒ¼ãƒ’ãƒ¼ã€€è”µå‡ºã—ã‚·ãƒªãƒ¼ã‚º
ã‚¸ãƒ£ãƒã‚¤ã‚«ã€€ãƒ–ãƒ«ãƒ¼ãƒã‚¦ãƒ³ãƒ†ãƒ³ã€‚é…¸å‘³ç¨‹è‰¯ã„ã€ã‚³ã‚¯ç¨‹è‰¯ã„ã€‚ã‚·ãƒ³ã‚°ãƒ«ã‚ªãƒªã‚¸ãƒ³ã§ã¯çã—ãã€ã»ã¼æ¯å¹´æä¾›ã•ã‚Œã‚‹ãƒªã‚¶ãƒ¼ãƒ–ã‚³ãƒ¼ãƒ’ãƒ¼ã€‚
#STARBUCKS https://t.co/GsRdeAtgD2",Sun Mar 16 03:15:01 +0000 2025,7,ja,"Reserve Coffee Store-Out Series
Blue Mountain, Jamaica. It's just right sour and just right rich. Reserve coffee is served almost every year, rarely in single origin.
#STARBUCKS https://t.co/GsRdeAtgD2",1,0,0,0,0,0,0,0,0
1902941409159610861,"Day 7 of bugging @starbucks until the market one of my drink ideas: 
7ï¸âƒ£ Blueberry Basil refresher ğŸ«ğŸŒ¿
#starbucks #starbucksdrinks #refresher #blueberrybasil #newdrinks #drinkideas #berries #greencoffee #blueberryseason #icedtea #coconutmilk",Fri Mar 21 04:32:41 +0000 2025,0,en,"Day 7 of bugging @starbucks until the market one of my drink ideas: 
7ï¸âƒ£ Blueberry Basil refresher ğŸ«ğŸŒ¿
#starbucks #starbucksdrinks #refresher #blueberrybasil #newdrinks #drinkideas #berries #greencoffee #blueberryseason #icedtea #coconutmilk",1,0,0,0,0,0,0,0,0
1902918339250491901,"ãƒªãƒ™ãƒ³ã‚¸æˆåŠŸã‹ãªï¼Ÿ
ãªã‚“ã¨ãªãå‰²ã‚ŒãŸã‚ˆã†ãªæ°—ãŒã™ã‚‹ã€‚
ãŸã ã‚¹ã‚¿ãƒã®ãƒ—ãƒ©ã‚¹ãƒˆãƒ­ãƒ¼ã ã¨
ãµã«ã‚ƒãµã«ã‚ƒã§ã¡ã‚‡ã£ã¨é›£ã—ã„æ„Ÿã˜ğŸ˜…
#ãƒªãƒ™ãƒ³ã‚¸æˆåŠŸã‹ãª 
#æ˜¥ç©ºãƒŸãƒ«ã‚¯ã‚³ãƒ¼ãƒ’ãƒ¼ãƒ•ãƒ©ãƒšãƒãƒ¼ãƒ 
#æ˜¥ç©ºmilkcoffeefrappuccino 
#é£²ã¿æ–¹ãŒé›£ã—ã„
#ã‚¹ã‚¿ãƒ
#starbucks https://t.co/a5jRaV6sSd",Fri Mar 21 03:01:01 +0000 2025,0,ja,"Is it a success with revenge?
It feels like it's broken somehow.
Just Starbucks' Plastro
It's soft and a little difficult ğŸ˜…
#Revenge success
#Spring Sky Milk Coffee Frappuccino
#Spring SkyMilkCoffeeFrappuccino
#drinking is difficult
#Starva
#starbucks https://t.co/a5jRaV6sSd",1,1,0,0,0,0,0,0,0
1902916506981404674,"æ°—ã«ãªã‚‹ğŸ˜ğŸ®

#Starbucks https://t.co/by0BJYVlWv",Fri Mar 21 02:53:44 +0000 2025,10,sv,"æ°—ã«ãªã‚‹ğŸ˜ğŸ®

#Starbucks https://t.co/by0bjyvlwv",1,1,0,0,0,0,0,0,0
1902914811450757421,"ä½å‹ç”Ÿå‘½ã®Vitalityã¯ç´ æ™´ã‚‰ã—ã„ã€‚
ã‚¹ã‚¿ãƒ500å††åˆ¸ãŒå½“ãŸã‚Šã¾ã—ãŸã€‚
ãƒ€ãƒ¼ã‚¯ ãƒ¢ã‚« ãƒãƒƒãƒ— ãƒ•ãƒ©ãƒšãƒãƒ¼ãƒãŒ185å††ã§è³¼å…¥å‡ºæ¥ã¾ã—ãŸã€‚
Vitalityé ‘å¼µã‚Šã¾ã™ï¼

#ä½å‹ç”Ÿå‘½ 
#Vitality 
#ãƒ­ãƒœãƒ›ãƒ³ 
#Starbucks 
#ã‚¤ã‚ªãƒ³ãƒ¢ãƒ¼ãƒ«å¤§é«˜ https://t.co/0OW4G2e9Dp",Fri Mar 21 02:47:00 +0000 2025,3,ja,"Sumitomo Life's Vitality is amazing.
I won a Starbucks 500 yen ticket.
I was able to purchase the Dark Mocha Chip Frappuccino for 185 yen.
I'll do my best in Vitality!

#Sumitomo Life
#Vitality
#Robohon
#Starbucks
#Aeon Mall Otaka https://t.co/0OW4G2e9Dp",1,0,0,1,0,0,0,1,0
1902914487977644442,"Starbucks jalapeno chicken wrap was beyond disappointing, what's going on with shinkflation, I'd rather pay more and get food then an empty wrap ğŸŒ¯ is this part of their new code of conduct? #starbucks #shrinkflation #junk @Starbucks https://t.co/n97CJ67XoQ https://t.co/XOQbvChhIc",Fri Mar 21 02:45:43 +0000 2025,1,en,"Starbucks jalapeno chicken wrap was beyond disappointing, what's going on with shinkflation, I'd rather pay more and get food then an empty wrap ğŸŒ¯ is this part of their new code of conduct? #starbucks #shrinkflation #junk @Starbucks https://t.co/n97CJ67XoQ https://t.co/XOQbvChhIc",1,1,0,0,0,0,0,0,0
1902913081367466183,"ä»Šå¹´ã®ğŸŒ¸
#starbucks https://t.co/Z6HUSHKcQu",Fri Mar 21 02:40:07 +0000 2025,1,sv,"ä»Šå¹´ã®ğŸŒ¸
#starbucks https://t.co/z6hushkcqu",1,1,0,0,0,0,0,0,0
1902912074797154489,"ğŸ“£ à¸ªà¸²à¸¢à¸ªà¸°à¸ªà¸¡à¹à¸à¹‰à¸§ Starbucks à¸•à¹‰à¸­à¸‡à¸£à¸µà¸šà¸à¸¸à¹ˆà¸‡! à¹€à¸‹à¸¥à¸¥à¸µà¹ˆà¸£à¸§à¸¡à¹à¸à¹‰à¸§à¸«à¸¥à¸²à¸à¸”à¸µà¹„à¸‹à¸™à¹Œ à¸¥à¸”à¸ªà¸¹à¸‡à¸ªà¸¸à¸” 40% à¸¡à¸²à¹ƒà¸«à¹‰ à¸¡à¸µà¸—à¸±à¹‰à¸‡à¹à¸šà¸šà¸¡à¸´à¸™à¸´à¸¡à¸­à¸¥ à¸¥à¸²à¸¢à¸™à¹ˆà¸²à¸£à¸±à¸à¹† à¸¥à¸”à¹€à¸­à¸²à¹ƒà¸ˆà¸ªà¸²à¸¢à¸ªà¸°à¸ªà¸¡à¹€à¸§à¹ˆà¸­à¸£à¹Œ à¸•à¸­à¸™à¸™à¸µà¹‰à¸¥à¸”à¸£à¸²à¸„à¸²à¸­à¸¢à¸¹à¹ˆà¸•à¹‰à¸­à¸‡à¸£à¸µà¸šà¸à¸¸à¹ˆà¸‡à¸•à¸±à¸§à¹„à¸›à¸Šà¹‰à¸­à¸›à¸”à¹ˆà¸§à¸™à¸™! 
ğŸ“à¸”à¸¹à¸£à¸²à¸¢à¸¥à¸°à¹€à¸­à¸µà¸¢à¸”à¹€à¸à¸´à¹ˆà¸¡à¹€à¸•à¸´à¸¡à¹„à¸”à¹‰à¸—à¸µà¹ˆ &gt;&gt; https://t.co/NcWtbSvvxt 
#SaleHere #à¹€à¸‹à¸¥à¹€à¸®à¸µà¸¢à¸£à¹Œ #Starbucks #Sale #à¸¥à¸”à¸£à¸²à¸„à¸² https://t.co/hGiYlM7VSj",Fri Mar 21 02:36:07 +0000 2025,0,th,"ğŸ“£ Starbucks cotton cable must hurry! Selly combines a variety of glass, up to 40% off to have both cute minimal patterns, reducing the accumulated cable. Now the price is reduced, must hurry to shop now! 
ğŸ“ See more details at & gt; & gt; https://t.co/NCWTBSVXT 
#SaleHERE #Sel Hair #Starbucks #sale #St price https://t.co/hgiylm7vsj",1,0,0,1,0,0,0,1,0
1902905983640408503,@mecchaJP #GIVEAWAY #Starbucks #Sakura @StevenEpst95255 @DamienCrawley @semperwidow1313,Fri Mar 21 02:11:55 +0000 2025,0,en,@mecchaJP #GIVEAWAY #Starbucks #Sakura @StevenEpst95255 @DamienCrawley @semperwidow1313,1,0,0,1,1,0,0,1,0
1902904539730387222,"ç¢ºã‹ä»Šé€±é ­ã«ã¯é›ªãŒç©ã‚‚ã£ãŸã¯ãšãŒâ€¦â€¦ä»Šæ—¥ã¯ã‚¤ã‚ªãƒ³ãƒ¢ãƒ¼ãƒ«é–‹åº—å‰ã«10â„ƒè¶…ãˆã§æœ€é«˜æ°—æ¸©ã¯15â„ƒè¦‹è¾¼ã¿ã¨ãªã€œ
è‡ªå¾‹ç¥çµŒå’Œã‚‰ã’ã‚‹ãŸã‚ã«ã‚‚ã‚¹ã‚¿ãƒã‚¹ã‚¿ãƒã€ã€ã€

#ãƒ†ã‚£ãƒ©ãƒŸã‚¹ãƒãƒ©ã‚µãƒ€
#ãƒ‰ãƒªãƒƒãƒ—ã‚³ãƒ¼ãƒ’ãƒ¼

#Starbucks
#ShotoniPhone https://t.co/5PkdrbHqZm",Fri Mar 21 02:06:11 +0000 2025,1,ja,"I'm sure there must have been snow this week... but today it's above 10Â°C before AEON Mall opens, and the maximum temperature is expected to be 15Â°C.
Stava Stava to relieve autonomic nervous system...

#Tiramisu Malasada
#Drip Coffee

#Starbucks
#ShotoniPhone https://t.co/5PkdrbHqZm",0,0,0,0,0,0,0,1,0
1902903406722723992,Termo #starbucks #japon #kyoto #æ—¥æœ¬ #ãŠå®ˆã‚Š https://t.co/7bXLABf2Hq vÃ­a @YouTube,Fri Mar 21 02:01:41 +0000 2025,0,cs,Thermo #starbucks #japon #kyoto #æ—¥æœ¬ #ãŠå®ˆã‚Š https://t.co/7bxLabf2hq vi @youtube,1,1,1,0,0,0,1,0,0
1902903056481820739,"2023.5
#ç€¬æˆ¸å†…ãƒ¬ãƒ¢ãƒ³ã‚±ãƒ¼ã‚­ãƒ•ãƒ©ãƒšãƒãƒ¼ãƒ ğŸ‹
ã•ã‚ã‚„ã‹ã§å¥½ããªå‘³ã ã£ãŸã€‚
å¾©æ´»ã—ã¦ã»ã—ã„ã€‚

#ã‚¹ã‚¿ãƒ
#ã‚¹ã‚¿ãƒ¼ãƒãƒƒã‚¯ã‚¹
#Starbucks
#Keiã®ã‚¹ã‚¿ãƒè¨˜éŒ² https://t.co/JBKrctq63J",Fri Mar 21 02:00:17 +0000 2025,0,ja,"May 2023
#Setouchi Lemon Cake Frappuccino ğŸ‹
It was refreshing and I liked it.
I hope he will be revived.

#Starva
#Starbucks
#Starbucks
#Kei's Starbucks Record https://t.co/JBKrctq63J",1,0,0,1,1,0,0,1,0
1902902792374927716,"2023.5
#ã‚¹ãƒˆãƒ­ãƒ™ãƒªãƒ¼ãƒ•ãƒ©ãƒšãƒãƒ¼ãƒ ğŸ“
#ã‚¹ã‚¿ãƒ¼ãƒãƒƒã‚¯ã‚¹ã‚¹ãƒˆãƒ­ãƒ™ãƒªãƒ¼ãƒ•ãƒ©ãƒšãƒãƒ¼ãƒ 

#ã‚¹ã‚¿ãƒ
#ã‚¹ã‚¿ãƒ¼ãƒãƒƒã‚¯ã‚¹
#Starbucks
#Keiã®ã‚¹ã‚¿ãƒè¨˜éŒ² https://t.co/jii4uc7PiH",Fri Mar 21 01:59:14 +0000 2025,0,ja,"May 2023
#Strawberry Frappuccino ğŸ“
#Starbucks Strawberry Frappuccino

#Starva
#Starbucks
#Starbucks
#Kei's Starbucks Record https://t.co/jii4uc7PiH",0,0,0,0,0,0,0,1,0
1902902218720002329,"å…­æœ¬æœ¨ã«ã‚ã‚‹
 #ã‚¹ã‚¿ãƒ¼ãƒãƒƒã‚¯ã‚¹ å…­æœ¬æœ¨ è”¦å±‹æ›¸åº—

#TSUTAYA ã¨#ã‚¹ã‚¿ãƒ ã®ã‚³ãƒ©ãƒœ
é–‹æ”¾çš„ãªç©ºé–“ã§å±…å¿ƒåœ°ã„ã„ã§ã™

#æ¸¯åŒºå•†åº—è¡— #æ¸¯åŒºå•†åº—è¡—å¿œæ´å›£é•·
#ç¨²å²¡å¿—ç¹”
#å…­æœ¬æœ¨
#ã‚¹ã‚¿ãƒ¼ãƒãƒƒã‚¯ã‚¹ #Starbucks
#ã‚¢ã‚¯ã‚¹ã‚¿é£¯ #ãƒã‚§ã‚­é£¯ #é£¯ãƒ†ãƒ­ https://t.co/R2o58VCBT1",Fri Mar 21 01:56:57 +0000 2025,2,ja,"It's in Roppongi
 #Starbucks Roppongi Tsutaya Bookstore

#TSUTAYA and #Starbucks Collaboration
It's an open space and comfortable

#Minato Ward Shopping Street #Minato Ward Shopping Street Cheering Group Head
#Inaoka Shiori
#Roppongi
#Starbucks #Starbucks
#Acsta Food #Check Food #Meal Terrorism https://t.co/R2o58VCBT1",1,0,1,0,0,0,0,0,0
1902901832109756570,".@naughtybynature 's ""Feel me flow"" in a #Starbucks commercial",Fri Mar 21 01:55:25 +0000 2025,0,en,".@naughtybynature 's ""Feel me flow"" in a #Starbucks commercial",1,0,1,0,0,0,0,0,0
1902899211710103989,"ä»Šã¾ã§é£²ã‚“ã ã‚¹ã‚¿ãƒã®ãƒ•ãƒ©ãƒšãƒãƒ¼ãƒã‚’ãƒ„ãƒªãƒ¼å½¢å¼ã§è¨˜éŒ²ã—ã¦ã„ãã¾ã™ğŸ§‹

2022.10
#ãƒ‘ãƒ¼ãƒ—ãƒ«ãƒãƒ­ã‚¦ã‚£ãƒ³ãƒ•ãƒ©ãƒšãƒãƒ¼ãƒ ğŸ‘»ğŸ 
ãƒ‘ãƒ¼ãƒ—ãƒ«ãªè¦‹ãŸç›®ãŒã‚¤ãƒ³ãƒ‘ã‚¯ãƒˆå¤§ã ã‘ã©ã€ç´«èŠ‹ã®å„ªã—ã„å‘³ã§ã—ãŸã€‚

#ã‚¹ã‚¿ãƒ
#ã‚¹ã‚¿ãƒ¼ãƒãƒƒã‚¯ã‚¹
#Starbucks
#Keiã®ã‚¹ã‚¿ãƒè¨˜éŒ² https://t.co/MqIhAZNN7A",Fri Mar 21 01:45:00 +0000 2025,0,ja,"I'll record the Starbucks Frappuccino I've had so far in a tree format ğŸ§‹

2022.10
#Purple Halloween Frappuccino ğŸ‘»ğŸ 
The purple look makes a huge impact, but the gentle taste of purple sweet potatoes was also good.

#Starva
#Starbucks
#Starbucks
#Kei's Starbucks Record https://t.co/MqIhAZNN7A",1,0,0,1,0,0,0,2,0
1902898972647178320,Itâ€™s funny cause ppl really spend coins at @Starbucks and the fact you canâ€™t even get a cup of water is crazy #starbucks,Fri Mar 21 01:44:03 +0000 2025,0,en,Itâ€™s funny cause ppl really spend coins at @Starbucks and the fact you canâ€™t even get a cup of water is crazy #starbucks,1,0,0,0,1,0,0,2,0
1902895857026130160,"2025/3/21

#Starbucks
ã‚­ãƒ£ãƒ©ãƒ¡ãƒ«ãƒã‚­ã‚¢ãƒ¼ãƒˆâ˜•TallğŸ’´570
ãƒãƒ³ãƒ•ã‚¡ãƒƒãƒˆãƒŸãƒ«ã‚¯å¤‰æ›´ğŸ¼

ãŠä¼‘ã¿ğŸµ
ä»Šæ—¥ã‚‚ã‚†ã£ãã‚Šãƒ‡ãƒ¼ğŸŒğŸ’¨ğŸ’¨

#ã‚¹ã‚¿ãƒ
#ã‚¹ã‚¿ãƒãªã† https://t.co/fv3eb76Xcy",Fri Mar 21 01:31:41 +0000 2025,1,ja,"2025/3/21

#Starbucks
Caramel Macchiato â˜•TallğŸ’´570
Non-fat milk change ğŸ¼

Holiday ğŸµ
Today is another leisurely day ğŸŒğŸ’¨ğŸ’¨

#Starva
#Starbucks Now https://t.co/fv3eb76Xcy",1,1,0,0,0,0,1,2,0
1902887961618006175,"â €PEANUTS +  STARBUCKS

JOE KIND SNOOPY ì˜ 
#ì¡°ì¹´ì¸ë“œìŠ¤ëˆ„í”¼ì´ˆì½”ì¹´ë¼ë©œí”„ë¼í‘¸ì¹˜ë…¸

ë°”ë‹ë¼, ì´ˆì½”, ì¹´ë¼ë©œì´ ë‹´ê²¨ ëˆ„êµ¬ë‚˜ ì¦ê¸¸ ìˆ˜ ìˆëŠ”
ì¡° ì¹´ì¸ë“œ ìŠ¤ëˆ„í”¼ ì´ˆì½” ì¹´ë¼ë©œ í”„ë¼í‘¸ì¹˜ë…¸ë¡œ í’ì„±í•œ ê¸°ì¨ì„ ëŠê»´ë³´ì„¸ìš”ğŸ¶

#3ì›”27ì¼ë¶€í„° #ìŠ¤íƒ€ë²…ìŠ¤ìŠ¤ëˆ„í”¼
#Starbucks #StarbucksKorea #ìŠ¤íƒ€ë²…ìŠ¤ https://t.co/YGpGhVwI3b",Fri Mar 21 01:00:18 +0000 2025,87,ko,"â € Peanuts + STARBUCKS

Joe Kind Snoopy 
#Nepside Snoopy Chocolate Melprapuccino

Vanilla, chocolate, and caramel are included
Joe Kind Snoopy Choco Caramel Frappuccino feel rich joy ğŸ¶

#Star Buckssupi from March 27th
#Starbucks #starbuckskorea #Starbucks https://t.co/ygpghvwi3",1,0,0,0,1,0,0,2,0
1902884224002138337,Jâ€™suis mort #starbucks #mekkah https://t.co/DddHWDTtvj,Fri Mar 21 00:45:27 +0000 2025,0,id,J'Suis Mort #starbucks #mekkah https://t.co/dddhwdttvj,1,0,0,0,1,0,0,2,0
1902872953056112794,"ãƒ‰ç”°èˆã®ã‚¹ã‚¿ãƒâ˜•ï¸âœ¨

ğ‘»ğ‘¶ğ‘²ğ’€ğ‘¶ãƒ­ãƒ¼ã‚¹ãƒˆãŒæœ€è¿‘ã®ãŠæ°—ã«å…¥ã‚ŠğŸ˜

 #starbucks https://t.co/u4qjS0c9Zb",Fri Mar 21 00:00:40 +0000 2025,11,ja,"Starbucks in the countrysideâ˜•ï¸âœ¨

ğ‘»ğ‘¶ğ‘²ğ’€ğ‘¶ My favorite of ğŸ˜

 #starbucks https://t.co/u4qjS0c9Zb",1,1,0,1,0,0,1,3,0
1902868881326383316,"Did my first IRL stream today. Went for a drive to #Starbucks ğŸ˜‚ it was amazing. 
Do you #IRL stream? Tell me about it.",Thu Mar 20 23:44:29 +0000 2025,3,en,"Did my first IRL stream today. Went for a drive to #Starbucks ğŸ˜‚ it was amazing. 
Do you #IRL stream? Tell me about it.",1,0,0,1,0,0,0,2,0
1902868456644735381,"ä»Šæ—¥ã®Cafeğ“‚ƒğ– šá
ä»Šæœã‚‚ã‚¹ã‚¿ãƒã§ãŠä»•äº‹ğ¤”

ğŸâœ©â¡± ğŸ«–âœ©â¡± ğŸâœ©â¡± ğŸ«–âœ©â¡± ğŸâœ©â¡± ğŸ«– âœ©â¡± ğŸ

ã€€ã‚¤ãƒ³ã‚°ãƒªãƒƒã‚·ãƒ¥ãƒ–ãƒ¬ãƒƒã‚¯ãƒ•ã‚¡ã‚¹ãƒˆãƒ†ã‚£ãƒ¼ãƒ©ãƒ†

ğŸ«–âœ©â¡± ğŸâœ©â¡± ğŸ«–âœ©â¡± ğŸâœ©â¡± ğŸ«–âœ©â¡± ğŸ âœ©â¡± ğŸ«–

ãƒãƒãƒŸãƒ„
ãƒ•ã‚©ãƒ¼ãƒŸãƒ¼
ã‚¨ã‚¯ã‚¹ãƒˆãƒ©ã‚·ãƒ­ãƒƒãƒ—

#ã‚¹ã‚¿ãƒ
#Starbucks
#ã‚¤ãƒ³ã‚°ãƒªãƒƒã‚·ãƒ¥ãƒ–ãƒ¬ãƒƒã‚¯ãƒ•ã‚¡ã‚¹ãƒˆãƒ†ã‚£ãƒ¼ãƒ©ãƒ† https://t.co/iAhHegeH6E",Thu Mar 20 23:42:48 +0000 2025,31,ja,"Today's Cafeğ“‚ƒğ– šá
I'm working at Starbucks again this morning ğŸ¤ï¿½ 

ğŸâœ©â¡± ğŸ«–âœ©â¡± ğŸâœ©â¡± ğŸ«–âœ©â¡± ğŸ«–âœ©â¡± ğŸâœ©â¡± ğŸ«–âœ©â¡± ğŸ

English Breakfast Tea Latte

ğŸ«–âœ©â¡± ğŸâœ©â¡± ğŸ«–âœ©â¡± ğŸâœ©â¡± ğŸâœ©â¡± ğŸ«–âœ©â¡± ğŸâœ©â¡± ğŸ«–

Honey
Forme
Extra syrup

#Starva
#Starbucks
#English Breakfast Tea Latte https://t.co/iAhHegeH6E",1,0,0,0,1,0,0,2,0
1902867823011230089,"ãŠã¯ã‚ˆã†ã”ã–ã„ã¾ã™ã€‚æ¸…æ°´ã¯æ™´ã‚Œã€æ˜¥ã‚‰ã—ã„æš–ã‹ã„é™½æ°—ã§ã™â˜€ï¸

ä»Šæ—¥ã¯ã‚¹ã‚¿ãƒã®æ—¥ã€æŠ¹èŒ¶ãƒ†ã‚£ãƒ¼ãƒ©ãƒ†ã‚’ãƒ†ã‚¤ã‚¯ã‚¢ã‚¦ãƒˆã€‚

ä»Šå¹´åº¦ã‚‚æ®‹ã‚Š10æ—¥ã»ã©ã§ã™ã­ã€‚

é€±æœ«é‡‘æ›œæ—¥ã€ä»Šæ—¥ã‚‚é ‘å¼µã‚Šã¾ã—ã‚‡ã†â—ï¸

#starbucks https://t.co/78RgPLcRnu",Thu Mar 20 23:40:17 +0000 2025,1,ja,"good morning. The fresh water is sunny and warm and springy â˜€ï¸

Today is Starbucks Day, we took out a matcha tea latte.

There are about 10 days left in this year.

Let's do our best today on Friday weekendâ—ï¸

#starbucks https://t.co/78RgPLcRnu",1,0,1,1,0,0,0,2,0
1902864211153437100,"ä»Šæ—¥ã¯ã‚³ãƒ¼ãƒ’ãƒ¼ãƒ¡ãƒ¼ã‚«ãƒ¼ç›´ã£ã¦ã„ã¾ã—ãŸï¼ˆç¬‘ï¼‰
#starbucks https://t.co/Cz6XwKoD5m",Thu Mar 20 23:25:56 +0000 2025,5,ja,"I fixed the coffee maker today lol
#starbucks https://t.co/Cz6XwKoD5m",1,0,1,0,0,0,0,2,0
1902862080606343256,"#ì…ì•ˆì—í¼ì§€ëŠ”ìŠ¤ìœ—í•¨ , #ìŠ¤ì½˜ ! : #å£ã®ä¸­ã§åºƒãŒã‚‹ç”˜ã• ! 

(ì¶œì²˜ : angela par.. | https://t.co/x8M7EqwwSy ë¸”ë¡œê·¸) https://t.co/o7StQt0WeS 

#scone, #ìŠ¤ë²…, #ë³„ë‹¤ë°©, #ìŠ¤íƒ€ë²…ìŠ¤, #ê°€ì„±ë¹„, #ì‰ê¸€ë¦¬ì‰¬ìŠ¤ì½˜, #ã‚¹ãƒ¼ã‚³ãƒ³, #ãƒˆãƒ ã¨ã‚¸ã‚§ãƒªãƒ¼, #starbucks, #ã‚¹ã‚¿ãƒ, #ã‚¹ã‚¿ãƒ¼ãƒãƒƒã‚¯ã‚¹, #englishscore https://t.co/deMfuA8xft",Thu Mar 20 23:17:28 +0000 2025,0,ja,"#ì…ì•ˆì—í¼ì§€ëŠ”ìŠ¤ìœ—í•¨, #ìŠ¤ì½˜ !: #Sweetness spreads in your mouth!

(ì¶œì²˜: angela par.. | https://t.co/x8M7EqwwSy) https://t.co/o7StQt0WeS

#scone, #ìŠ¤ë²…, #ë³„ë‹¤ë°©, #ìŠ¤íƒ€ë²…ìŠ¤, #ê°€ì„±ë¹„, #ì‰ê¸€ë¦¬ì‰¬ìŠ¤ì½˜, #Sucon, #Tom and Jerry, #starbucks, #Starbucks, #Starbucks, #englishscore https://t.co/deMfuA8xft",1,0,0,1,0,0,0,0,0
1902858104129077452,"ğŸ’¸ Starbucks enfrentarÃ¡ una millonaria compensaciÃ³n

Tras un incidente con bebidas hirviendo en un autoservicio, un jurado ha ordenado a Starbucks pagar 50 millones de dÃ³lares a Michael GarcÃ­a, quien sufriÃ³ graves quemaduras. ğŸ”¥â˜•

#starbucks #accidente #compesacion #autoservicio https://t.co/TMc9nLuxer",Thu Mar 20 23:01:40 +0000 2025,1,es,"ğŸ’¸ Starbucks will face a millionaire compensation

After an incident with boiling drinks in a self -service, a jury has ordered Starbucks to pay 50 million dollars to Michael GarcÃ­a, who suffered serious burns. ğŸ”¥â˜•

#Starbucks #Accidente #compesacion #AUTOSSERVICIO https://t.co/tmc9nluxer",1,0,0,1,0,0,0,0,0
1902857763413537140,"#982ã€ å‰ç¥¥å¯ºä¸­é“é€šã‚Š ã€‘
ç¾: Ray-Ban
.
-æ±äº¬éƒ½æ­¦è”µé‡å¸‚å‰ç¥¥å¯ºæœ¬ç”º2-2-2 1F
-OPEN: 2010.04.28
-CLOSED: 2013.01.29
âœï¸å‡ºåº—æœŸé–“ãŒçŸ­ãGSVã«ã¯è¼‰ã£ã¦ãªã„
.
#starbucks #æ—§ã‚¹ã‚¿ãƒ #å‰ç¥¥å¯º
#æ—§ã‚¹ã‚¿ãƒ_æ±äº¬ #æ—§ã‚¹ã‚¿ãƒ_æ­¦è”µé‡
#æ—¥æœ¬ã‚¹ã‚¿ãƒå·¡ã‚Š
æ±äº¬ 40 / 100â†‘
å…¨å›½ 61 / 300â†‘ https://t.co/htA8KV7aP2",Thu Mar 20 23:00:18 +0000 2025,5,ja,"#982 [Kichijoji Nakamichi Street]
Currently: Ray-Ban
.
- 1F, 2-2-2 Kichijoji Honmachi, Musashino City, Tokyo
-OPEN: 2010.04.28
-CLOSED: 2013.01.29
âœï¸The store opening period is short and is not listed on GSV
.
#starbucks #formerly Starbucks #Kichijoji
#Former Starbucks_Tokyo #Former Starbucks_Musashino
#Japanese Starbucks Tour
Tokyo 40 / 100â†‘
Nationwide 61 / 300â†‘ https://t.co/htA8KV7aP2",1,1,0,0,0,0,0,0,0
1902847946934153626,"@Tor25899035 PERO NO HAY GOZO MAS GRANDE PARA UN COMUNISTA HACER QUE LOS SINDICALISTAS SE FORREN DE PLATA Y LOS TRABAJADORES QUEDEN CESANTES, CUÃNTAS VECES HA PASADO?ğŸ¤¬ğŸ’©ğŸŒ³ y las empresas Chao! Hay que evaluar, les queda poco a estas mier...ğŸ’©  #Starbucks",Thu Mar 20 22:21:18 +0000 2025,0,es,"@Tor25899035 But there is no bigger joy for a communist to make the trade unionists for silver and the workers are unemployed, how many times has it happened? ğŸ¤¬ğŸ’©ğŸŒ³ and the Chao companies! You have to evaluate, little about these shit ... ğŸ’© #Starbucks",1,0,0,1,0,1,0,1,0
1902843237217267990,ì˜¤ëœë§Œì— ê°„ $SBUX grilled cheese &amp; ë¸”ë™ë² ë¦¬ ë“¤ì–´ê°„ ìŒë£Œ í•˜ë‚˜ëŠ” ê¸°ë¦„ì¡Œê³  í•˜ë‚˜ëŠ” ë­”ì§€ ëª¨ë¥¼ ê°€ë£¨ ë‘¥ë‘¥... í•œì‚°í•œ  #Starbucks https://t.co/pkb67od5EK,Thu Mar 20 22:02:35 +0000 2025,0,ko,It's been a long time since $ SBUX grilled cheese & amp; One of the blackberry drinks are oily and one that I don't know what it is ...,1,0,0,1,1,1,0,1,0
1902829912664265068,"A delivery driver who was burned by hot tea from a Starbucks drive-thru window has been awarded $50 million by a jury in Los Angeles, California. #Starbucks #Verdict #StarbucksTea #FoodDelivery - https://t.co/2vt3pbD9fP https://t.co/kMmrLBB9RX",Thu Mar 20 21:09:38 +0000 2025,0,en,"A delivery driver who was burned by hot tea from a Starbucks drive-thru window has been awarded $50 million by a jury in Los Angeles, California. #Starbucks #Verdict #StarbucksTea #FoodDelivery - https://t.co/2vt3pbD9fP https://t.co/kMmrLBB9RX",1,0,0,1,0,0,0,0,0
1902829417623113995,"â˜•ï¸ One espresso decapitino, please. â˜•ï¸ #starbucks #montana https://t.co/v7Smr8CZST",Thu Mar 20 21:07:40 +0000 2025,24,it,"â˜•ï¸ One express decapitus, please. â˜•ï¸ #Starbucks #montana https://t.co/v7smr8czst",1,0,0,0,1,0,0,0,0
1902827629440549307,"Small biz owners, take notes! @Starbucks mastered customer loyalty with rewards, freebies &amp; VIP perks! But itâ€™s more than just giftsâ€”itâ€™s about making customers feel valued!
Whatâ€™s YOUR go-to loyalty strategy?

#Starbucks #CustomerLoyalty #SmallBusinessTips #MarketingHacks #FYP https://t.co/RovgbLJgHp",Thu Mar 20 21:00:34 +0000 2025,0,en,"Small biz owners, take notes! @Starbucks mastered customer loyalty with rewards, freebies &amp; VIP perks! But itâ€™s more than just giftsâ€”itâ€™s about making customers feel valued!
Whatâ€™s YOUR go-to loyalty strategy?

#Starbucks #CustomerLoyalty #SmallBusinessTips #MarketingHacks #FYP https://t.co/RovgbLJgHp",1,1,0,0,0,0,0,0,0
1902825511593840733,ã“ã®ğŸ¥¤æŒã¡é‹ã³ç”¨ã®ã‚„ã¤æ°—ã«å…¥ã£ãŸğŸ§ğŸ¼â€â™€ï¸ã‚ã¨ğŸ¥¥ğŸ¥›ãƒ©ãƒ†ã¯ãŠåˆã ã£ãŸã‘ã©ç¾å‘³ã—ã„ã‹ã‚‰æ—¥æœ¬ã‚‚å°å…¥ã—ã¦æ¬²ã—ã„ğŸ¥¹ğŸ¥¹ğŸ¥¹å¤§ã£ã¦è¨€ã†ã‚µã‚¤ã‚ºã§39å…ƒï¼ˆâ‰’810å††ï¼‰ #ã‚³ã‚³ãƒŠãƒƒãƒ„ãƒŸãƒ«ã‚¯ãƒ©ãƒ† #Starbucks #ä¸Šæµ· https://t.co/jCCDZeEvYt,Thu Mar 20 20:52:09 +0000 2025,7,ja,"I liked this ğŸ¥¤ portable one ğŸ§ğŸ¼â€â™€ï¸And ğŸ¥¥ğŸ¥›It was my first time doing latte, but it's delicious so I hope they'll introduce it to Japan too ğŸ¥¹ğŸ¥¹ğŸ¥¹ It's a large size, 39 yuan (â‰’ 810 yen) #Coconut Milk Crate #Starbucks #Shanghai https://t.co/jCCDZeEvYt",1,0,0,1,0,0,0,0,0
1902823061843255720,Starbucks Iced Cherry Chai | Taste Test! #starbucks https://t.co/Oux21Y6PK6 via @YouTube,Thu Mar 20 20:42:25 +0000 2025,0,en,Starbucks Iced Cherry Chai | Taste Test! #starbucks https://t.co/Oux21Y6PK6 via @YouTube,1,1,0,1,0,0,0,0,0
1902821936637640947,"Nice message on my coffee for me today, thanks @Starbucks ! â˜•ğŸ˜ŠğŸ‘ğŸ’–
#starbucks https://t.co/K14h1OwnMP",Thu Mar 20 20:37:57 +0000 2025,0,en,"Nice message on my coffee for me today, thanks @Starbucks ! â˜•ğŸ˜ŠğŸ‘ğŸ’–
#starbucks https://t.co/K14h1OwnMP",1,1,0,1,0,0,0,0,0
1902818679106019623,#Barista 32 hrs pw #permanent #CobraCoffee #Starbucks #Banstead https://t.co/HRyNPYnXxH #Jobs #RetailJobs #HospitalityJobs #CustomerServiceJobs #CoffeeJobs #CoffeeLover #SM1Jobs #SuttonJobs https://t.co/Uxq1IP366C,Thu Mar 20 20:25:00 +0000 2025,0,en,#Barista 32 hrs pw #permanent #CobraCoffee #Starbucks #Banstead https://t.co/HRyNPYnXxH #Jobs #RetailJobs #HospitalityJobs #CustomerServiceJobs #CoffeeJobs #CoffeeLover #SM1Jobs #SuttonJobs https://t.co/Uxq1IP366C,1,0,0,1,0,0,0,1,0
1902818044432339162,"I'm craving Starbucks Frappuccino 

#Thirstythursday #thirstyThursdays #Starbucks",Thu Mar 20 20:22:29 +0000 2025,0,en,"I'm craving Starbucks Frappuccino 

#Thirstythursday #thirstyThursdays #Starbucks",1,0,1,0,0,0,0,0,0
1902809619791028513,"#coffeetime #tiempodecafÃ© #cafÃ© #coffeelover #starbucks
ğŸ˜ https://t.co/riLcy578V3",Thu Mar 20 19:49:00 +0000 2025,0,en,"#coffeetime #tiempodecafÃ© #cafÃ© #coffeelover #starbucks
ğŸ˜ https://t.co/riLcy578V3",1,1,0,1,0,0,0,0,0
1902807422173090249,"#Starbucks #LavenderLatte ...not for me, thanks! All I can say is it tastes like if it was floor cleaner it would smell amazing! https://t.co/im5o5BRATl",Thu Mar 20 19:40:16 +0000 2025,0,en,"#Starbucks #LavenderLatte ...not for me, thanks! All I can say is it tastes like if it was floor cleaner it would smell amazing! https://t.co/im5o5BRATl",1,1,0,0,0,0,0,0,0
1534133218735169536,"Starbucks ini brand mahal tapi tetep banyak yg beli karena marketing nya yg selalu menarik. Doi juga ga punya online store, tapi  merchandise nya jadi salah satu income terbesar nya.

4 hal dari Starbucks yg bikin doi tetep bisa bertahan jualan di negara berkembang. A thread. https://t.co/Y67rHOqOyR",Tue Jun 07 11:20:36 +0000 2022,23052,id,"Starbucks is an expensive brand but there are still many who buy because the marketing is always interesting. Doi also doesn't have an online store, but the merchandise is one of the biggest income.

4 Things from Starbucks that make him still able to survive selling in developing countries. A thread. https://t.co/y67rhoqoyr",1,0,0,1,0,1,1,1,0
1016326860282716160,Starbucks is going strawless. The coffee company announced Monday that it will phase out plastic straws from all of its stores by 2020. https://t.co/5J2YduEHeW https://t.co/7eE1fbfnxG,Mon Jul 09 14:23:00 +0000 2018,2709,en,Starbucks is going strawless. The coffee company announced Monday that it will phase out plastic straws from all of its stores by 2020. https://t.co/5J2YduEHeW https://t.co/7eE1fbfnxG,1,1,1,0,0,0,0,1,0
1817915727359152401,Starbucks priced out. Very sustainable urban commercial real estate market we have,Mon Jul 29 13:30:59 +0000 2024,2435,en,Starbucks priced out. Very sustainable urban commercial real estate market we have,1,0,0,1,0,0,0,0,0
1016536490741043205,"Starbucks is going strawless. The coffee company announced Monday that it will phase out plastic straws from all of its stores by 2020, and transition to using lids that you can drink from. https://t.co/5J2YduEHeW https://t.co/TfkVCT5Ua3",Tue Jul 10 04:16:00 +0000 2018,1298,en,"Starbucks is going strawless. The coffee company announced Monday that it will phase out plastic straws from all of its stores by 2020, and transition to using lids that you can drink from. https://t.co/5J2YduEHeW https://t.co/TfkVCT5Ua3",1,0,0,1,0,0,0,1,0
1016427271182258176,"Starbucks is going strawless. The coffee company announced Monday that it will phase out plastic straws from all of its stores by 2020, and transition to using lids that you can drink from. https://t.co/5J2YduEHeW https://t.co/iZ8hrJGVlC",Mon Jul 09 21:02:00 +0000 2018,1042,en,"Starbucks is going strawless. The coffee company announced Monday that it will phase out plastic straws from all of its stores by 2020, and transition to using lids that you can drink from. https://t.co/5J2YduEHeW https://t.co/iZ8hrJGVlC",1,0,0,0,0,0,1,0,0
1018473001111773184,Starbucks is going strawless. The coffee company announced Monday that it will phase out plastic straws from all of its stores by 2020. https://t.co/5J2YduEHeW https://t.co/q2VgZVNO3m,Sun Jul 15 12:31:00 +0000 2018,1117,en,Starbucks is going strawless. The coffee company announced Monday that it will phase out plastic straws from all of its stores by 2020. https://t.co/5J2YduEHeW https://t.co/q2VgZVNO3m,1,0,0,0,0,0,0,0,0
1705882473748443538,"Touring the @Starbucks Hacienda Alsacia model #coffee farm in Costa Rica ğŸ‡¨ğŸ‡·
Coffee is the livelihood of well over 100 million people worldwide - the value chain needs to benefit them, and be fair and sustainable!

@Starbucks_cr @StarbucksNews @fairtrade https://t.co/ej5ZeMKTmL",Sun Sep 24 09:50:50 +0000 2023,24,en,"Touring the @Starbucks Hacienda Alsacia model #coffee farm in Costa Rica ğŸ‡¨ğŸ‡·
Coffee is the livelihood of well over 100 million people worldwide - the value chain needs to benefit them, and be fair and sustainable!

@Starbucks_cr @StarbucksNews @fairtrade https://t.co/ej5ZeMKTmL",1,0,0,1,0,0,0,0,0
1016495472960143360,"Plastic straws will soon be phased out of all Starbucks stores, reducing the total number used each year by 1 billion https://t.co/d25vAqbjea",Tue Jul 10 01:33:00 +0000 2018,860,en,"Plastic straws will soon be phased out of all Starbucks stores, reducing the total number used each year by 1 billion https://t.co/d25vAqbjea",1,0,0,1,0,0,0,0,0
1016525002101927937,Starbucks will ditch plastic straws by 2020 to reduce ocean waste https://t.co/l4HDq197Av https://t.co/KsZZb8UVcz,Tue Jul 10 03:30:21 +0000 2018,372,en,Starbucks will ditch plastic straws by 2020 to reduce ocean waste https://t.co/l4HDq197Av https://t.co/KsZZb8UVcz,1,0,1,1,0,0,1,0,0
1872276248971579449,"sara kelly, executive vice president of starbucks, thinks paying starbucks baristas a livable wage is, ""not sustainable"", and thinks they should accept a ~34 cent raise

sara kelly made 2 million dollars last year alone lol https://t.co/I7OSRH40Mb",Thu Dec 26 13:40:17 +0000 2024,1218,en,"sara kelly, executive vice president of starbucks, thinks paying starbucks baristas a livable wage is, ""not sustainable"", and thinks they should accept a ~34 cent raise

sara kelly made 2 million dollars last year alone lol https://t.co/I7OSRH40Mb",1,0,1,0,0,1,1,0,0
1018080414030815232,Starbucks is going strawless. The coffee company announced Monday that it will phase out plastic straws from all of its stores by 2020. https://t.co/5J2YduEHeW https://t.co/vphL4uP0YA,Sat Jul 14 10:31:00 +0000 2018,861,en,Starbucks is going strawless. The coffee company announced Monday that it will phase out plastic straws from all of its stores by 2020. https://t.co/5J2YduEHeW https://t.co/vphL4uP0YA,0,0,1,0,0,0,0,0,0
1016411996630212608,Starbucks will ditch plastic straws by 2020 to reduce ocean waste https://t.co/9m6NA4F4x2 https://t.co/ITNUSgEfxo,Mon Jul 09 20:01:18 +0000 2018,293,en,Starbucks will ditch plastic straws by 2020 to reduce ocean waste https://t.co/9m6NA4F4x2 https://t.co/ITNUSgEfxo,1,0,0,1,0,0,0,0,1
1016324846370709505,Starbucks will ditch plastic straws by 2020 to reduce ocean waste https://t.co/AKeVn0Lo2a https://t.co/lz4OzjoO5h,Mon Jul 09 14:15:00 +0000 2018,303,en,Starbucks will ditch plastic straws by 2020 to reduce ocean waste https://t.co/AKeVn0Lo2a https://t.co/lz4OzjoO5h,1,0,0,1,0,0,0,0,1
1016875474868363264,"Plastic straws will soon be phased out of all Starbucks stores, reducing the total number used each year by 1 billion https://t.co/OlteU6PgjK",Wed Jul 11 02:43:00 +0000 2018,334,en,"Plastic straws will soon be phased out of all Starbucks stores, reducing the total number used each year by 1 billion https://t.co/OlteU6PgjK",1,0,0,1,0,0,0,0,1
1825555363619574219,"Starbucks is now trading at 25x earnings with little to no growth..

The multiple expansion story is over &amp; I'm not sure if the new CEO could take earnings growth from 0% to 15% for a sustainable period to justify this valuation. 
$SBUX https://t.co/BoAELdOzjO",Mon Aug 19 15:28:10 +0000 2024,133,en,"Starbucks is now trading at 25x earnings with little to no growth..

The multiple expansion story is over &amp; I'm not sure if the new CEO could take earnings growth from 0% to 15% for a sustainable period to justify this valuation. 
$SBUX https://t.co/BoAELdOzjO",1,1,0,0,0,0,1,1,0
1732075961963729223,"Remember to remember your reusable cup when you go to starbucks. Not only do you lose the opportunity to be a sustainable sun devil, but you also lose a discount on your beverage!  #asu #arizonastateuniversity #tuesdaytip #zerowasteasu #reducewaste #zerowaste #zerowasteliving https://t.co/ybDptCsH88",Tue Dec 05 16:34:24 +0000 2023,6,en,"Remember to remember your reusable cup when you go to starbucks. Not only do you lose the opportunity to be a sustainable sun devil, but you also lose a discount on your beverage!  #asu #arizonastateuniversity #tuesdaytip #zerowasteasu #reducewaste #zerowaste #zerowasteliving https://t.co/ybDptCsH88",1,0,0,1,0,0,0,0,1
1534133308891705300,"1/ Emotional Connection

Emosional brand yg kuat bikin konsumennya merasa nyaman ketika pake brand tsb. Ini terbukti Starbucks ngutamain experience &amp; jarang punya masalah sama konsumennya.

Hal-hal detil kayak order name, sampe kondisi in store selalu diperhatiin sama mereka.",Tue Jun 07 11:20:58 +0000 2022,783,id,"1/ Emotional Connection

Emotional brand that is strong makes consumers feel comfortable when using the brand. This is proven to be Starbucks Ngutamain Experience & amp; Rarely have problems with consumers.

Detailed things like order names, until the conditions in store are always considered by them.",1,0,0,1,0,0,0,0,1
1534133926855266300,"2/ Beli merchandise = loyalty

Merchandise jadi keunggulan buat maksimalin loyalty mereka selain member card. Ketika konsumen punya merchandise nya, jadi remark kalau mereka ""pernah"" beli starbucks.

Dengan begini bikin mereka konsisten punya brand exclusive yg bagus. https://t.co/wZ04JuMnnI",Tue Jun 07 11:23:25 +0000 2022,572,id,"2/ buy merchandise = loyalty

Merchandise is an advantage for their maximum loyalty besides members of the member card. When consumers have their merchandise, so they are remarking if they ""have"" bought Starbucks.

This way makes them consistently have a good exclusive brand. https://t.co/wz04jumnni",1,0,0,1,0,0,0,1,1
